run_id,score0,score1,score2,score3,score4,score5,score6,score7,score8,score9,universal_score
067,-165.78,-152.60,-151.73,-146.52,-143.84,-141.62,-137.22,-132.48,-131.39,-131.13,-148.76454545454547
146,-168.45,-165.90,-165.64,-164.73,-159.85,-153.88,-152.24,-151.67,-150.60,-147.07,-161.75581818181817
288,-236.52,-228.34,-226.78,-219.32,-217.70,-208.99,-204.86,-203.68,-203.61,-199.24,-221.0514545454545
737,-174.36,-164.24,-163.95,-161.93,-154.44,-152.11,-150.78,-148.38,-146.72,-142.99,-160.7045454545455
798,-168.99,-165.69,-160.29,-158.26,-156.03,-155.22,-152.56,-151.14,-151.12,-150.62,-160.00090909090912
484,-221.49,-215.67,-214.43,-214.34,-210.51,-207.82,-207.23,-200.64,-200.39,-194.29,-212.72400000000007
283,-189.85,-182.71,-181.39,-169.07,-167.37,-167.02,-164.44,-163.69,-163.47,-162.18,-175.54127272727274
488,-193.29,-187.18,-185.30,-184.95,-183.59,-183.44,-178.84,-178.77,-176.62,-176.31,-185.35509090909088
057,-177.13,-174.03,-173.59,-168.42,-165.57,-165.36,-161.27,-159.40,-157.82,-157.69,-169.49200000000002
307,-171.16,-159.70,-156.18,-155.14,-147.60,-146.10,-142.16,-140.95,-138.67,-138.33,-154.68327272727274
474,-249.66,-221.23,-220.43,-219.08,-216.20,-215.14,-213.30,-206.51,-202.71,-201.47,-222.49436363636366
193,-171.33,-170.91,-166.22,-164.20,-164.04,-162.29,-160.17,-158.82,-158.32,-157.51,-165.7750909090909
743,-205.26,-197.25,-188.24,-186.80,-186.61,-186.20,-183.39,-182.20,-181.58,-180.45,-191.19636363636366
485,-207.54,-207.08,-200.01,-191.20,-187.13,-185.11,-184.36,-182.70,-179.78,-178.33,-195.44290909090907
346,-172.72,-156.72,-146.72,-145.89,-143.29,-142.48,-141.39,-141.37,-140.51,-140.15,-151.19363636363633
302,-241.77,-241.29,-233.99,-233.24,-225.23,-220.05,-217.75,-216.80,-215.92,-213.99,-231.14127272727274
685,-197.26,-189.08,-188.49,-179.96,-178.35,-175.14,-171.27,-166.34,-164.04,-162.80,-182.9589090909091
356,-182.73,-167.67,-155.77,-154.55,-150.71,-150.38,-148.68,-148.31,-144.93,-143.19,-159.87636363636366
374,-172.68,-165.38,-148.31,-145.05,-144.16,-143.71,-138.62,-136.34,-135.62,-135.58,-152.1978181818182
645,-177.00,-173.70,-172.57,-172.54,-172.29,-172.12,-170.34,-168.86,-168.34,-168.11,-172.8856363636364
664,-189.69,-185.36,-182.24,-172.76,-172.64,-168.96,-167.26,-166.87,-166.14,-166.08,-177.83690909090913
310,-207.57,-206.48,-202.96,-196.64,-194.78,-192.27,-190.40,-188.47,-186.97,-186.88,-199.12800000000001
545,-225.18,-224.79,-220.90,-213.52,-200.19,-200.15,-189.28,-186.25,-186.12,-185.32,-211.12854545454545
464,-233.65,-213.62,-200.14,-199.41,-199.10,-191.62,-188.79,-186.90,-186.88,-186.49,-205.17963636363638
749,-197.74,-177.18,-173.95,-170.50,-169.59,-163.60,-162.15,-158.50,-157.20,-155.24,-174.2981818181818
103,-208.67,-198.66,-195.91,-189.52,-189.48,-184.03,-181.62,-181.23,-180.87,-177.59,-193.36527272727272
694,-171.53,-169.30,-160.66,-159.64,-156.74,-155.23,-154.28,-151.88,-147.06,-146.88,-161.31109090909092
564,-190.47,-171.90,-170.40,-170.28,-169.69,-168.51,-163.59,-162.82,-162.37,-161.32,-172.6641818181818
681,-154.86,-150.30,-149.08,-145.27,-144.78,-142.86,-142.31,-142.18,-142.03,-141.63,-147.55054545454547
219,-207.07,-194.34,-182.12,-178.83,-177.79,-175.71,-172.41,-166.18,-164.95,-164.74,-184.6661818181818
298,-243.42,-230.15,-229.13,-216.33,-213.12,-210.92,-210.35,-207.76,-207.35,-205.85,-223.11727272727273
787,-220.61,-220.14,-216.89,-200.87,-200.54,-199.14,-198.88,-195.62,-194.76,-194.44,-208.97909090909098
011,-219.10,-215.68,-213.60,-211.32,-206.41,-205.15,-204.55,-193.62,-192.67,-192.20,-210.19945454545456
297,-220.28,-217.35,-217.11,-214.90,-213.05,-212.38,-209.48,-206.52,-205.27,-200.11,-214.69927272727276
096,-190.29,-188.76,-187.82,-183.60,-182.93,-182.35,-181.90,-177.99,-177.17,-176.57,-185.29654545454542
418,-172.17,-162.79,-157.93,-153.68,-152.21,-151.00,-150.80,-149.97,-148.97,-148.74,-158.0738181818182
559,-206.24,-203.63,-200.89,-196.56,-189.05,-188.80,-185.47,-184.48,-184.34,-184.23,-196.44799999999998
149,-166.66,-160.78,-150.99,-150.31,-150.01,-149.38,-142.10,-141.65,-141.41,-138.58,-153.37127272727272
615,-200.23,-198.29,-196.86,-192.22,-189.37,-186.95,-184.97,-183.89,-181.88,-181.10,-192.99472727272726
751,-165.89,-160.44,-160.16,-157.78,-155.13,-152.21,-149.60,-146.83,-144.96,-144.76,-157.34545454545454
535,-243.15,-238.35,-227.17,-222.94,-220.72,-219.79,-219.10,-210.54,-205.09,-204.44,-227.2818181818182
434,-146.46,-145.92,-132.62,-132.05,-130.69,-127.33,-127.03,-126.32,-124.59,-121.04,-135.29600000000002
744,-163.68,-160.52,-160.13,-159.57,-159.01,-158.58,-158.40,-157.42,-156.48,-155.11,-160.00727272727272
128,-153.59,-151.18,-148.46,-145.53,-145.51,-141.33,-136.35,-132.08,-129.38,-129.23,-145.67727272727274
527,-148.45,-147.72,-146.45,-145.66,-144.28,-139.46,-137.70,-137.07,-136.54,-135.32,-144.338
404,-226.48,-220.49,-214.67,-187.27,-181.10,-180.11,-175.39,-175.10,-175.10,-173.22,-200.27072727272724
213,-154.00,-149.59,-149.04,-145.35,-140.78,-137.17,-135.84,-134.24,-133.68,-133.30,-144.97
059,-134.94,-132.64,-132.08,-128.76,-127.47,-125.47,-124.10,-118.69,-118.55,-118.37,-129.11327272727272
099,-269.69,-248.46,-242.69,-221.66,-219.42,-216.95,-212.59,-206.39,-206.35,-202.90,-234.77418181818186
229,-211.20,-206.25,-205.93,-204.04,-197.35,-196.48,-195.36,-195.24,-194.62,-193.76,-202.92054545454545
654,-246.21,-196.16,-194.15,-188.39,-186.78,-185.86,-184.14,-182.12,-180.93,-175.33,-199.44654545454546
525,-212.67,-203.67,-202.83,-202.64,-200.78,-184.89,-177.54,-174.27,-173.12,-173.05,-197.8589090909091
778,-245.29,-226.92,-218.07,-210.76,-207.77,-204.15,-201.58,-193.34,-192.25,-185.81,-217.0741818181818
148,-203.64,-176.96,-172.50,-170.96,-163.42,-160.99,-158.00,-155.01,-154.91,-154.76,-173.68800000000002
469,-160.77,-156.21,-151.97,-145.32,-144.31,-143.79,-142.07,-141.66,-141.20,-140.30,-149.95199999999997
686,-197.22,-184.54,-183.99,-181.89,-158.53,-153.64,-142.77,-141.68,-141.31,-140.96,-173.04163636363637
658,-174.09,-173.37,-171.00,-170.42,-168.27,-168.11,-167.12,-165.09,-162.52,-160.43,-170.21018181818184
071,-201.09,-197.40,-195.89,-188.78,-183.46,-182.42,-181.02,-178.79,-176.98,-176.58,-190.5441818181818
750,-195.93,-177.90,-177.55,-171.83,-171.24,-169.58,-168.95,-167.02,-163.61,-159.98,-176.78199999999998
513,-249.40,-202.93,-199.70,-195.17,-190.14,-185.43,-184.86,-184.51,-183.17,-178.70,-203.45745454545454
173,-184.21,-169.78,-168.08,-157.48,-156.31,-154.03,-153.85,-152.89,-152.15,-150.61,-164.6201818181818
627,-167.26,-152.56,-151.67,-149.31,-147.15,-145.04,-142.05,-139.79,-139.73,-137.32,-151.2112727272727
241,-209.67,-202.88,-194.95,-189.54,-181.92,-178.47,-177.43,-176.87,-169.54,-162.22,-191.5363636363636
759,-227.47,-219.30,-212.32,-203.71,-203.66,-201.46,-199.83,-198.17,-196.12,-195.39,-210.61181818181814
445,-204.07,-181.90,-179.09,-175.38,-170.79,-169.63,-168.88,-167.34,-167.04,-163.00,-179.73981818181818
032,-203.23,-188.10,-184.84,-182.91,-182.24,-181.67,-181.42,-180.13,-180.12,-179.62,-187.12745454545455
290,-257.82,-242.39,-224.37,-221.69,-216.76,-215.87,-214.86,-211.72,-211.53,-210.29,-229.352
618,-184.59,-179.56,-168.87,-168.77,-160.32,-158.67,-156.49,-156.16,-153.16,-153.05,-169.1521818181818
626,-178.55,-177.72,-175.72,-167.34,-161.58,-159.47,-155.74,-155.43,-153.39,-151.17,-168.65727272727275
064,-179.84,-167.15,-164.25,-158.80,-157.62,-154.49,-154.14,-147.37,-147.23,-145.00,-162.63
427,-162.23,-146.84,-143.23,-142.48,-133.64,-133.56,-133.38,-132.52,-131.61,-128.03,-143.2550909090909
308,-199.69,-181.65,-176.93,-175.41,-175.10,-173.04,-171.93,-171.27,-170.58,-170.14,-180.0670909090909
500,-197.95,-185.68,-183.26,-183.20,-180.95,-180.12,-179.11,-177.79,-177.47,-176.76,-184.85290909090912
138,-146.62,-136.25,-135.49,-130.95,-126.81,-123.84,-123.76,-123.06,-122.99,-117.51,-132.74163636363636
332,-163.91,-156.55,-151.80,-148.19,-147.47,-144.61,-142.21,-141.55,-141.44,-140.24,-151.35018181818182
076,-139.42,-137.88,-130.49,-125.40,-123.58,-123.18,-122.14,-120.96,-119.80,-119.50,-129.5410909090909
060,-146.94,-139.10,-136.82,-136.33,-135.67,-135.38,-134.92,-133.28,-133.05,-131.74,-138.15363636363637
793,-157.01,-154.78,-153.26,-148.51,-146.12,-145.52,-139.66,-138.42,-134.33,-133.69,-149.26072727272728
543,-214.35,-207.07,-196.41,-191.14,-190.77,-186.77,-186.75,-185.60,-185.57,-184.59,-197.3525454545454
754,-238.54,-226.40,-222.88,-207.32,-207.23,-207.18,-203.51,-200.27,-198.68,-195.11,-217.16145454545452
613,-202.06,-197.93,-183.13,-179.00,-178.20,-175.12,-172.87,-165.38,-161.38,-158.73,-184.25309090909087
634,-170.42,-170.28,-169.76,-167.46,-164.77,-161.90,-157.04,-155.70,-154.79,-154.00,-165.89054545454545
207,-186.93,-186.68,-181.01,-177.47,-175.36,-172.71,-170.71,-167.80,-166.64,-163.95,-178.89036363636365
614,-196.19,-177.02,-172.32,-170.06,-169.28,-168.64,-168.02,-164.07,-160.89,-160.46,-175.0812727272727
593,-229.96,-229.48,-222.65,-215.12,-212.59,-212.37,-212.33,-210.65,-206.51,-204.67,-219.78745454545458
266,-218.19,-211.28,-206.87,-205.45,-193.13,-191.70,-191.68,-187.96,-185.80,-181.29,-203.22363636363636
736,-230.26,-227.45,-223.66,-222.31,-215.54,-211.96,-207.28,-206.39,-204.41,-204.08,-220.16963636363636
386,-131.27,-129.11,-125.82,-124.91,-124.81,-124.70,-123.39,-122.74,-120.30,-120.07,-126.37145454545457
631,-189.60,-176.34,-174.11,-172.50,-167.55,-166.08,-166.06,-165.25,-164.78,-164.53,-174.05854545454548
018,-188.11,-186.03,-174.34,-171.98,-166.70,-164.75,-163.52,-162.88,-161.02,-159.86,-174.59127272727272
585,-202.82,-195.32,-191.56,-186.17,-184.89,-182.47,-179.18,-178.91,-178.76,-177.95,-189.67927272727272
687,-202.27,-198.43,-195.51,-195.45,-193.99,-191.36,-190.15,-190.07,-189.63,-189.19,-195.65090909090907
282,-142.57,-137.21,-135.87,-133.17,-129.06,-128.79,-128.77,-127.06,-124.90,-124.68,-133.978
486,-240.97,-202.79,-201.29,-198.32,-193.73,-192.29,-191.83,-190.66,-190.44,-189.59,-204.85399999999996
330,-152.01,-139.50,-131.60,-130.79,-129.93,-129.11,-128.77,-126.50,-122.31,-119.30,-135.04654545454545
696,-197.90,-196.37,-196.14,-190.83,-190.37,-186.21,-183.80,-178.81,-177.31,-173.34,-191.3476363636364
451,-227.47,-217.71,-206.39,-203.66,-203.38,-198.87,-196.49,-196.18,-188.24,-186.42,-208.4156363636364
515,-194.97,-190.78,-173.31,-172.76,-172.18,-170.78,-164.56,-160.65,-160.50,-159.96,-177.64818181818183
459,-200.00,-197.94,-195.11,-193.11,-189.87,-188.33,-186.94,-184.66,-184.40,-182.59,-193.23836363636366
790,-237.43,-211.02,-205.15,-200.50,-200.42,-198.27,-197.09,-193.72,-193.27,-192.81,-208.38036363636368
665,-209.44,-203.56,-201.61,-197.72,-193.18,-191.18,-190.86,-188.54,-183.08,-182.72,-198.4778181818182
738,-182.31,-180.18,-174.79,-172.24,-170.35,-169.37,-164.32,-164.31,-160.36,-160.08,-173.61236363636365
141,-201.71,-200.47,-188.28,-185.29,-177.41,-177.23,-175.55,-174.32,-173.46,-170.15,-187.58981818181815
185,-214.66,-204.50,-198.94,-198.86,-198.39,-198.31,-190.01,-180.69,-180.47,-177.66,-199.8770909090909
707,-237.47,-218.83,-218.71,-218.23,-212.31,-210.76,-210.22,-207.97,-206.18,-205.05,-218.7512727272727
619,-179.40,-172.28,-149.37,-148.88,-146.87,-145.70,-145.13,-142.60,-137.63,-136.29,-156.56781818181818
550,-226.48,-204.17,-200.06,-195.22,-194.75,-192.06,-188.72,-188.23,-183.60,-183.49,-201.24381818181814
289,-260.60,-259.43,-252.81,-250.98,-246.60,-243.38,-240.63,-239.76,-238.04,-237.47,-251.12836363636367
166,-213.56,-211.67,-211.11,-209.74,-206.12,-189.01,-188.47,-181.72,-181.62,-181.16,-204.05272727272722
584,-207.11,-206.23,-202.80,-193.59,-192.92,-188.05,-187.43,-185.25,-185.13,-184.77,-197.50854545454544
413,-188.74,-174.47,-170.95,-170.52,-167.06,-163.12,-161.37,-160.73,-160.63,-160.12,-171.74327272727274
246,-183.03,-166.00,-154.41,-154.14,-154.02,-148.63,-148.35,-146.84,-143.34,-139.86,-159.3870909090909
555,-199.84,-197.76,-178.25,-176.39,-175.12,-174.92,-173.47,-173.21,-172.97,-172.03,-183.5594545454545
291,-204.02,-178.21,-174.94,-174.33,-166.92,-166.00,-161.55,-160.96,-160.84,-160.77,-176.49036363636367
589,-230.41,-203.06,-202.62,-200.85,-199.69,-194.35,-191.09,-189.50,-188.39,-186.57,-204.08454545454543
529,-207.52,-200.32,-198.09,-192.96,-192.07,-191.75,-190.92,-189.72,-185.20,-180.62,-196.51909090909092
541,-189.43,-189.33,-177.20,-175.29,-173.27,-171.76,-170.19,-168.49,-167.73,-166.54,-178.7190909090909
449,-201.23,-187.72,-182.54,-179.63,-177.94,-173.44,-172.19,-171.18,-170.68,-170.49,-183.0636363636364
342,-193.84,-190.19,-190.18,-182.60,-174.60,-173.44,-172.45,-172.19,-170.01,-169.80,-183.2861818181818
421,-216.44,-206.42,-201.11,-200.97,-193.16,-189.57,-187.17,-185.89,-181.51,-177.97,-199.8545454545455
597,-235.95,-233.27,-205.24,-200.70,-192.43,-190.09,-186.74,-181.99,-179.18,-178.68,-208.0136363636364
636,-202.99,-190.16,-182.04,-179.54,-178.90,-176.27,-174.91,-172.51,-170.99,-169.61,-184.32636363636365
640,-169.98,-165.71,-165.35,-163.97,-162.15,-160.39,-158.87,-157.98,-157.32,-156.26,-163.94454545454548
206,-201.22,-196.99,-193.62,-184.61,-182.40,-178.93,-174.23,-172.65,-171.43,-170.50,-188.0658181818182
587,-229.68,-228.18,-227.51,-227.36,-224.94,-223.38,-220.81,-210.98,-206.28,-205.81,-224.78381818181816
565,-229.99,-223.11,-217.90,-208.50,-208.33,-208.21,-201.73,-200.23,-193.26,-192.16,-214.32563636363636
375,-166.61,-156.29,-151.30,-151.21,-148.65,-139.29,-138.29,-137.32,-137.13,-134.56,-150.97945454545456
352,-225.98,-215.32,-204.18,-201.71,-183.97,-182.17,-181.83,-181.24,-179.94,-167.20,-201.016
455,-157.10,-152.42,-149.31,-139.35,-133.10,-131.90,-131.37,-129.49,-127.23,-126.79,-143.01836363636363
137,-159.53,-152.31,-149.75,-149.49,-149.15,-148.95,-148.14,-146.56,-140.81,-139.92,-150.98090909090908
537,-220.76,-202.19,-201.90,-194.93,-194.93,-193.21,-191.29,-181.46,-179.90,-175.52,-199.77290909090905
406,-201.90,-198.25,-195.41,-189.58,-173.49,-170.15,-169.84,-169.69,-169.61,-169.53,-186.9538181818182
258,-195.04,-190.09,-185.26,-181.39,-181.06,-180.93,-180.58,-178.87,-177.08,-175.99,-185.32927272727275
761,-150.46,-149.68,-142.03,-140.04,-137.55,-132.93,-131.50,-126.65,-126.39,-124.47,-140.75254545454547
218,-195.71,-185.07,-174.14,-164.49,-162.00,-161.91,-160.66,-154.32,-151.74,-151.44,-172.89727272727274
710,-204.72,-196.65,-185.78,-184.75,-184.38,-184.15,-183.23,-182.40,-181.61,-177.67,-189.90145454545456
061,-145.98,-145.13,-144.92,-141.37,-141.30,-141.03,-140.94,-140.31,-140.13,-138.76,-143.11963636363637
003,-252.16,-224.91,-224.60,-217.27,-215.59,-215.57,-214.52,-214.27,-213.16,-207.67,-224.90454545454546
186,-176.81,-162.08,-159.64,-156.90,-148.61,-142.62,-136.86,-135.21,-135.04,-134.05,-155.71272727272728
756,-199.67,-194.53,-193.03,-190.83,-187.41,-187.33,-176.10,-172.80,-172.78,-172.76,-189.63181818181818
632,-185.44,-180.29,-176.35,-174.63,-172.20,-171.03,-168.85,-167.92,-162.12,-161.13,-175.69272727272724
491,-191.34,-178.73,-176.75,-170.12,-167.49,-164.96,-163.56,-163.15,-162.56,-162.13,-174.31800000000004
444,-163.46,-159.94,-159.84,-155.98,-154.70,-154.54,-151.19,-150.85,-150.81,-150.24,-157.35836363636366
129,-196.05,-193.52,-171.85,-171.55,-170.71,-169.45,-164.31,-162.48,-159.12,-157.97,-177.64054545454547
570,-225.49,-209.58,-199.69,-197.53,-194.12,-193.45,-192.02,-188.55,-183.43,-182.88,-202.48709090909088
414,-197.92,-193.51,-176.40,-175.14,-172.74,-172.36,-172.22,-170.95,-168.39,-168.23,-181.14454545454544
317,-204.48,-179.68,-179.26,-161.40,-160.88,-158.94,-157.90,-156.78,-156.40,-156.05,-173.75581818181814
086,-192.13,-188.21,-178.59,-162.28,-161.58,-160.29,-159.46,-154.06,-154.04,-153.23,-172.94781818181818
417,-180.45,-162.88,-161.40,-160.17,-154.23,-151.15,-150.36,-148.69,-148.47,-147.43,-161.01490909090907
098,-235.57,-233.15,-228.12,-217.55,-215.03,-211.51,-209.95,-209.36,-208.35,-203.84,-222.5092727272727
140,-163.97,-149.73,-148.62,-133.78,-133.22,-130.16,-128.84,-128.52,-128.34,-128.10,-142.70018181818182
214,-160.94,-146.76,-145.09,-143.76,-142.97,-139.88,-139.50,-139.49,-139.35,-139.32,-146.34527272727271
452,-223.16,-205.29,-195.18,-191.70,-186.47,-171.11,-167.06,-165.85,-165.30,-163.94,-193.04090909090905
267,-196.28,-175.80,-173.05,-166.45,-164.85,-164.68,-164.21,-163.01,-162.17,-162.10,-173.4429090909091
617,-147.87,-146.21,-144.58,-134.05,-133.54,-130.62,-128.89,-128.62,-128.07,-127.59,-138.71036363636367
304,-224.59,-222.82,-213.24,-211.51,-209.74,-205.40,-202.80,-202.46,-191.88,-190.96,-213.0274545454545
684,-162.77,-161.70,-158.24,-152.12,-150.03,-149.53,-149.45,-147.37,-145.74,-144.74,-155.2312727272727
769,-207.41,-203.99,-203.41,-198.35,-194.02,-193.00,-190.02,-189.27,-188.46,-187.98,-199.0481818181818
606,-171.81,-160.48,-160.43,-160.23,-159.33,-158.83,-153.39,-152.98,-151.71,-150.88,-160.80727272727273
691,-228.22,-209.64,-207.71,-206.56,-203.89,-203.26,-202.97,-195.56,-194.29,-193.87,-209.0401818181818
158,-214.43,-212.91,-199.12,-193.85,-190.55,-187.78,-184.59,-178.91,-175.15,-174.10,-198.038
586,-215.67,-213.63,-213.12,-207.12,-205.80,-199.09,-198.61,-197.90,-195.92,-195.45,-207.9972727272728
722,-193.62,-177.51,-176.42,-170.55,-168.35,-164.44,-163.76,-162.19,-161.34,-159.25,-174.45163636363637
433,-214.62,-211.53,-197.61,-194.31,-187.33,-187.23,-186.35,-185.82,-185.21,-184.52,-198.34454545454543
303,-204.95,-202.46,-197.93,-194.09,-193.66,-192.91,-192.88,-191.01,-188.67,-187.75,-197.27018181818184
123,-173.98,-173.36,-166.81,-165.21,-163.81,-163.46,-161.02,-160.95,-160.84,-158.24,-167.23636363636368
511,-223.60,-210.32,-205.00,-195.39,-195.04,-193.49,-188.68,-185.45,-185.12,-183.88,-202.5361818181818
046,-169.73,-162.89,-160.10,-158.27,-152.82,-152.64,-152.57,-150.37,-150.20,-149.55,-158.97199999999998
530,-194.64,-188.07,-186.45,-186.02,-185.75,-185.34,-185.14,-183.18,-182.65,-179.19,-187.42836363636363
109,-162.83,-149.06,-145.79,-143.17,-142.22,-141.80,-134.57,-133.16,-130.93,-129.79,-146.00145454545452
412,-227.82,-218.51,-212.45,-212.44,-209.26,-206.22,-200.68,-199.88,-198.14,-195.56,-212.9514545454545
702,-190.67,-190.13,-177.23,-176.28,-174.39,-173.23,-172.98,-171.38,-170.01,-167.98,-179.93127272727273
471,-200.47,-197.31,-189.10,-187.68,-187.25,-186.95,-185.24,-183.72,-183.15,-182.37,-191.01981818181815
608,-199.17,-186.26,-179.30,-172.43,-171.32,-168.53,-166.26,-165.96,-165.00,-164.33,-178.85945454545455
700,-186.77,-170.17,-165.01,-164.09,-162.10,-153.92,-152.14,-151.08,-150.90,-149.69,-165.88054545454543
539,-179.39,-170.12,-162.72,-162.65,-156.49,-156.44,-156.43,-156.02,-155.75,-154.54,-164.47727272727272
402,-239.22,-207.68,-184.40,-179.58,-177.81,-171.50,-171.30,-169.67,-165.33,-165.10,-192.87109090909095
306,-237.90,-226.20,-222.43,-220.30,-220.24,-211.06,-209.93,-209.88,-209.60,-205.85,-221.95436363636364
609,-220.79,-215.08,-207.81,-201.09,-188.11,-186.19,-185.67,-185.34,-184.00,-183.81,-202.2518181818182
329,-197.33,-177.83,-173.11,-169.88,-160.14,-153.61,-152.82,-151.39,-150.84,-147.23,-170.74654545454547
680,-175.94,-174.62,-169.31,-163.31,-162.69,-158.46,-158.39,-156.17,-154.87,-154.21,-166.60163636363637
090,-212.16,-202.77,-199.43,-198.70,-192.35,-188.52,-187.32,-181.95,-181.53,-181.19,-197.61727272727273
673,-195.41,-189.60,-180.20,-177.92,-176.90,-168.66,-168.35,-167.83,-167.57,-167.44,-180.57654545454542
171,-167.44,-165.90,-162.98,-161.72,-158.04,-157.77,-155.36,-155.35,-151.11,-149.07,-161.44090909090906
408,-236.74,-219.18,-217.53,-211.85,-210.13,-209.51,-202.02,-198.50,-196.61,-195.83,-215.7121818181818
758,-181.98,-176.52,-166.85,-162.02,-158.57,-156.63,-154.59,-153.49,-151.99,-151.41,-166.29472727272724
006,-241.39,-219.27,-214.22,-211.61,-201.35,-193.94,-190.66,-190.31,-189.55,-187.34,-212.00309090909096
075,-133.36,-127.49,-127.15,-124.37,-122.46,-121.09,-120.17,-119.55,-118.82,-116.73,-125.50381818181818
167,-236.22,-227.62,-227.43,-215.48,-215.20,-205.38,-205.36,-199.79,-195.46,-195.15,-219.33745454545453
293,-207.33,-184.55,-184.28,-181.98,-179.15,-176.06,-175.73,-175.00,-172.79,-172.40,-185.15363636363634
326,-193.43,-185.68,-179.33,-173.44,-172.57,-172.17,-165.69,-164.96,-163.97,-161.94,-178.14418181818183
180,-213.42,-210.51,-204.46,-204.33,-201.56,-198.40,-197.69,-193.24,-191.24,-190.52,-204.35672727272728
753,-318.22,-275.46,-259.73,-253.21,-239.91,-237.68,-230.78,-230.14,-223.10,-214.41,-262.06654545454546
367,-225.68,-209.98,-197.29,-184.79,-183.96,-180.49,-179.06,-178.21,-177.93,-175.12,-196.48236363636366
051,-134.24,-134.02,-131.24,-130.17,-129.19,-127.04,-126.54,-126.33,-125.69,-124.92,-130.57236363636363
244,-213.76,-210.00,-207.98,-205.03,-203.67,-201.40,-201.05,-197.21,-193.01,-192.67,-206.00345454545456
383,-147.44,-135.19,-133.57,-130.77,-129.92,-126.63,-120.19,-118.82,-116.91,-116.71,-132.28145454545455
314,-169.90,-149.58,-145.44,-141.14,-137.96,-137.14,-136.74,-134.02,-133.33,-132.72,-146.51963636363635
473,-224.14,-212.01,-200.93,-199.11,-194.80,-194.24,-191.84,-190.60,-188.86,-185.55,-203.51145454545454
120,-169.43,-151.07,-147.38,-146.99,-146.40,-144.60,-142.80,-141.26,-139.05,-137.30,-150.43054545454547
034,-181.31,-173.18,-172.14,-171.25,-170.69,-166.19,-164.38,-162.46,-162.11,-161.40,-171.51272727272723
333,-168.85,-164.80,-164.50,-163.68,-160.98,-160.11,-160.10,-159.96,-159.25,-157.80,-163.5721818181818
195,-160.24,-157.37,-153.27,-151.35,-137.99,-134.60,-133.39,-132.97,-132.14,-129.70,-147.84963636363636
262,-195.97,-167.03,-165.75,-161.14,-156.35,-153.30,-151.41,-149.73,-147.08,-146.48,-165.764
720,-222.56,-191.51,-172.90,-168.53,-167.53,-166.36,-164.65,-163.33,-162.95,-162.76,-181.56963636363636
725,-210.61,-195.25,-183.86,-183.65,-183.50,-180.95,-180.29,-176.94,-174.46,-174.03,-189.09927272727273
653,-148.60,-146.86,-145.61,-144.77,-140.32,-138.51,-135.56,-134.54,-134.00,-131.09,-143.00781818181818
742,-195.11,-186.80,-179.10,-169.43,-168.99,-166.68,-166.20,-165.15,-163.40,-161.44,-177.21709090909093
405,-202.66,-195.87,-195.44,-193.97,-189.99,-186.49,-183.71,-182.48,-181.22,-179.21,-192.8556363636364
623,-189.48,-189.02,-185.02,-183.04,-182.95,-180.71,-178.33,-177.02,-175.20,-168.07,-184.02763636363633
503,-201.19,-195.72,-192.57,-188.39,-179.03,-178.96,-177.41,-175.52,-175.05,-174.97,-188.41672727272723
430,-172.33,-170.87,-167.27,-165.98,-160.77,-159.37,-155.78,-154.06,-153.75,-152.73,-164.87545454545455
480,-186.78,-186.31,-185.34,-185.25,-184.26,-182.51,-181.62,-181.61,-181.20,-178.29,-184.62127272727272
366,-205.23,-200.24,-192.38,-182.23,-180.70,-178.51,-173.97,-173.42,-171.35,-170.23,-188.63509090909088
371,-194.04,-185.91,-185.32,-184.06,-178.82,-178.56,-174.40,-174.06,-173.23,-168.87,-183.3709090909091
248,-134.22,-131.26,-130.69,-125.63,-123.74,-123.42,-118.01,-117.19,-115.17,-115.15,-126.85654545454545
638,-176.05,-161.22,-158.67,-158.61,-152.70,-148.30,-148.12,-146.61,-145.37,-145.30,-158.49381818181817
160,-245.71,-240.01,-209.49,-204.04,-202.29,-198.99,-194.16,-191.38,-187.43,-184.71,-215.28054545454546
043,-173.47,-157.05,-156.15,-153.47,-151.69,-150.96,-150.29,-150.27,-150.02,-149.46,-157.05545454545455
378,-180.78,-163.33,-154.23,-146.91,-144.64,-137.32,-135.79,-132.37,-129.64,-125.71,-153.0850909090909
122,-153.26,-151.41,-142.61,-139.64,-139.24,-138.85,-138.73,-138.57,-136.46,-135.54,-144.0441818181818
395,-189.51,-182.10,-173.49,-172.24,-163.39,-162.68,-159.72,-158.78,-157.07,-156.73,-172.8623636363636
796,-163.36,-155.10,-148.93,-148.36,-144.61,-143.41,-139.88,-139.61,-136.83,-135.26,-149.66254545454547
095,-142.84,-139.52,-138.85,-138.71,-131.37,-131.13,-130.47,-130.02,-129.69,-129.12,-136.54836363636366
479,-203.40,-197.68,-197.11,-194.26,-193.03,-192.95,-192.70,-188.41,-186.98,-185.42,-195.78472727272722
462,-184.16,-183.55,-180.63,-179.70,-174.08,-167.44,-167.22,-166.67,-163.70,-161.67,-177.02054545454544
280,-176.69,-172.88,-172.46,-171.37,-169.37,-165.99,-165.34,-165.28,-163.45,-163.05,-170.82563636363636
324,-191.33,-186.71,-180.38,-178.98,-176.13,-174.70,-174.49,-172.75,-164.14,-163.46,-180.50581818181814
313,-155.18,-145.97,-144.77,-142.36,-141.50,-139.42,-138.35,-137.73,-134.05,-131.61,-144.22927272727273
506,-215.97,-201.42,-198.98,-196.08,-192.53,-190.38,-189.37,-183.41,-182.96,-180.56,-198.14818181818183
001,-211.66,-174.27,-165.27,-164.18,-163.53,-160.00,-157.49,-156.59,-154.70,-154.49,-172.75
588,-179.67,-175.08,-174.69,-170.77,-170.68,-170.09,-169.27,-167.17,-166.70,-165.33,-173.03963636363636
553,-222.75,-219.56,-217.75,-204.32,-202.72,-201.53,-200.28,-197.95,-197.36,-195.87,-210.64200000000002
072,-155.61,-155.29,-153.39,-152.36,-150.21,-149.09,-148.39,-148.02,-147.37,-144.56,-152.1996363636364
675,-182.59,-179.29,-178.19,-177.08,-174.88,-170.53,-167.85,-167.07,-163.54,-163.39,-175.81090909090906
477,-191.08,-185.05,-165.12,-163.84,-163.63,-163.15,-161.89,-160.27,-158.40,-153.82,-171.64745454545454
372,-172.01,-154.49,-149.70,-140.65,-139.43,-138.12,-134.93,-134.86,-134.69,-133.70,-148.49490909090912
223,-216.58,-216.29,-214.46,-206.62,-194.76,-193.64,-192.81,-190.29,-189.20,-187.94,-205.81163636363638
305,-208.77,-206.23,-202.30,-195.70,-190.58,-188.89,-187.57,-185.73,-183.29,-183.06,-197.76563636363636
497,-222.21,-218.16,-214.34,-212.27,-210.62,-208.90,-197.88,-195.00,-191.68,-191.56,-211.74200000000002
642,-173.92,-171.96,-162.33,-158.35,-158.04,-154.72,-149.68,-149.27,-148.54,-147.88,-161.95018181818182
532,-224.57,-217.98,-215.77,-215.01,-214.74,-213.83,-211.31,-201.61,-199.00,-198.07,-215.31781818181815
215,-158.35,-153.31,-152.01,-151.16,-148.65,-143.11,-142.70,-142.53,-141.94,-141.92,-150.34781818181816
701,-181.98,-172.95,-168.88,-167.57,-165.67,-164.98,-164.35,-162.68,-161.77,-161.39,-169.994
251,-214.26,-203.93,-202.08,-198.46,-196.57,-192.43,-184.77,-181.92,-181.31,-179.99,-199.1427272727273
768,-193.99,-190.01,-185.56,-185.20,-182.53,-180.52,-180.44,-177.52,-174.59,-171.39,-185.51890909090906
174,-180.78,-180.32,-174.78,-171.19,-165.24,-161.42,-157.67,-151.19,-149.53,-148.65,-170.1409090909091
435,-197.35,-191.18,-190.44,-190.18,-187.71,-184.43,-180.58,-177.63,-175.78,-175.40,-188.71781818181813
162,-200.99,-200.30,-198.01,-187.93,-178.78,-178.47,-175.81,-174.17,-174.12,-171.46,-189.5030909090909
562,-240.89,-218.64,-217.51,-209.74,-208.65,-193.35,-190.60,-190.28,-188.13,-187.82,-212.74345454545454
496,-225.39,-193.83,-185.80,-184.77,-177.69,-177.15,-175.39,-175.15,-168.24,-166.32,-190.17927272727275
387,-176.37,-171.70,-171.57,-170.36,-165.43,-155.61,-155.06,-153.62,-151.23,-151.14,-166.89836363636363
008,-235.00,-233.10,-229.85,-228.62,-216.62,-215.38,-208.77,-204.75,-200.97,-199.63,-223.9010909090909
217,-238.91,-200.09,-183.74,-181.59,-180.08,-179.67,-178.05,-175.96,-174.17,-172.43,-194.0116363636364
373,-171.90,-165.02,-151.58,-143.74,-136.72,-136.51,-133.46,-133.13,-130.69,-130.23,-150.01290909090912
038,-206.71,-202.31,-199.84,-197.91,-197.58,-189.71,-189.60,-187.58,-185.52,-184.67,-197.8701818181818
074,-146.58,-138.71,-137.91,-133.41,-130.96,-130.83,-129.04,-128.09,-127.86,-126.35,-135.88636363636365
508,-189.35,-177.50,-176.39,-174.93,-173.98,-160.66,-158.00,-156.99,-156.47,-156.45,-173.56672727272732
004,-204.88,-183.14,-180.70,-177.23,-175.05,-174.78,-174.78,-172.98,-170.20,-169.51,-182.46254545454548
234,-152.77,-152.24,-146.03,-141.61,-136.76,-133.92,-132.20,-131.68,-129.48,-128.60,-142.88963636363638
377,-157.87,-154.42,-150.02,-149.60,-149.09,-144.25,-138.45,-129.44,-126.22,-123.55,-148.1770909090909
328,-215.63,-205.11,-196.35,-192.59,-184.62,-183.32,-180.51,-179.47,-178.00,-176.67,-195.24836363636368
384,-140.79,-134.51,-133.54,-128.62,-128.07,-125.84,-125.80,-125.40,-125.37,-125.31,-131.64036363636362
448,-138.21,-134.93,-126.29,-124.32,-122.01,-121.84,-119.49,-117.48,-116.73,-115.49,-127.22981818181819
757,-209.88,-161.67,-160.88,-160.34,-155.88,-155.82,-154.53,-154.43,-153.97,-153.03,-167.63654545454548
279,-167.34,-151.85,-148.60,-147.18,-136.93,-133.96,-131.76,-131.72,-128.48,-125.42,-146.4558181818182
209,-122.20,-121.51,-121.06,-118.94,-117.19,-115.12,-113.41,-112.08,-111.78,-110.76,-118.53800000000003
100,-223.79,-200.50,-200.11,-197.04,-193.92,-192.79,-192.28,-183.90,-177.83,-177.05,-200.0647272727273
468,-168.95,-168.86,-164.21,-162.62,-150.25,-148.38,-141.64,-135.51,-134.75,-130.66,-157.7801818181818
616,-241.60,-219.51,-218.47,-206.25,-201.03,-191.76,-189.02,-185.03,-184.45,-183.54,-211.12163636363638
423,-224.72,-217.50,-209.97,-207.62,-207.62,-201.22,-199.73,-197.37,-195.99,-195.59,-210.33127272727276
047,-218.01,-206.74,-206.56,-201.46,-193.12,-179.92,-178.83,-176.60,-175.68,-175.49,-198.79545454545453
319,-217.88,-217.58,-215.78,-214.68,-191.11,-186.51,-183.78,-182.10,-177.92,-177.89,-204.7341818181818
441,-190.12,-180.26,-179.61,-178.18,-175.14,-173.71,-167.27,-166.98,-166.66,-165.81,-178.11309090909094
235,-218.13,-209.51,-207.75,-207.19,-200.05,-198.09,-196.85,-194.28,-191.87,-187.97,-205.67127272727274
547,-214.67,-211.43,-209.64,-205.56,-191.09,-189.49,-186.79,-184.22,-184.18,-182.97,-202.01363636363635
256,-198.16,-195.26,-195.21,-186.38,-185.46,-185.23,-179.41,-178.09,-176.46,-175.42,-189.53527272727274
748,-166.84,-140.75,-134.77,-133.18,-132.42,-131.87,-131.63,-130.49,-130.32,-129.73,-140.1418181818182
598,-191.65,-188.06,-180.60,-173.01,-167.85,-166.37,-160.68,-159.51,-158.83,-156.69,-176.3538181818182
783,-212.70,-201.44,-201.06,-198.75,-198.56,-198.21,-195.01,-191.69,-184.62,-182.52,-200.52672727272727
369,-240.53,-207.90,-203.73,-199.52,-196.93,-192.43,-191.79,-190.21,-187.68,-187.36,-206.31127272727275
575,-244.62,-218.02,-215.53,-211.39,-206.35,-201.50,-201.20,-200.94,-200.46,-196.77,-215.69563636363637
253,-164.08,-159.03,-153.69,-151.93,-151.59,-150.12,-147.56,-147.14,-146.73,-145.69,-154.4736363636364
526,-166.50,-157.77,-155.26,-152.98,-151.00,-148.18,-146.50,-144.91,-144.85,-144.22,-154.53490909090908
581,-256.26,-241.09,-226.77,-214.85,-210.94,-205.02,-200.85,-200.19,-199.54,-197.87,-224.40327272727274
771,-157.88,-157.30,-156.00,-152.90,-151.12,-150.52,-149.51,-148.69,-147.66,-147.41,-153.79927272727275
268,-182.50,-179.65,-178.87,-177.77,-177.63,-177.06,-176.71,-175.61,-170.53,-169.84,-178.41545454545457
145,-216.20,-201.15,-197.33,-190.26,-190.08,-178.40,-178.16,-175.74,-170.98,-168.13,-193.9134545454545
460,-239.36,-223.98,-220.99,-215.63,-214.72,-207.76,-207.15,-207.10,-200.58,-199.68,-219.35654545454543
773,-222.71,-207.72,-199.42,-198.33,-196.96,-195.99,-194.53,-194.30,-191.51,-191.11,-203.22018181818186
727,-227.55,-213.13,-200.62,-198.19,-197.92,-197.76,-196.26,-195.12,-192.64,-190.75,-205.6129090909091
755,-236.02,-191.88,-186.53,-183.85,-183.57,-183.00,-181.94,-179.39,-177.69,-175.76,-194.1781818181818
760,-168.01,-166.20,-165.99,-165.54,-160.67,-157.66,-154.48,-149.77,-145.14,-144.92,-162.13363636363638
498,-199.76,-197.47,-188.55,-183.63,-182.42,-178.57,-175.93,-168.58,-167.78,-166.17,-186.67636363636362
715,-213.13,-210.72,-208.12,-207.14,-206.75,-200.10,-199.41,-189.48,-188.50,-186.50,-205.69636363636363
050,-162.25,-161.27,-158.09,-151.56,-151.44,-151.08,-149.57,-148.70,-147.61,-146.31,-155.4458181818182
205,-203.78,-194.74,-194.13,-193.16,-192.03,-191.00,-190.41,-190.06,-186.45,-185.10,-194.41127272727272
132,-135.63,-129.70,-112.43,-111.23,-109.90,-108.53,-106.87,-106.73,-106.35,-103.95,-117.6003636363636
254,-177.58,-168.35,-163.86,-163.43,-162.94,-160.17,-159.28,-159.23,-158.96,-158.75,-165.742
655,-203.02,-202.13,-185.01,-182.73,-175.90,-173.34,-173.23,-172.76,-164.27,-163.93,-186.0787272727273
409,-211.92,-189.51,-179.99,-179.53,-179.41,-177.74,-173.64,-172.53,-172.08,-169.53,-185.68036363636364
155,-180.04,-177.94,-166.28,-163.86,-155.66,-154.34,-154.32,-153.40,-153.20,-152.58,-165.84072727272726
591,-234.05,-226.98,-215.25,-214.43,-213.81,-208.72,-206.75,-205.75,-202.42,-200.50,-217.86145454545456
343,-225.54,-191.75,-175.71,-175.48,-173.10,-170.95,-169.92,-168.27,-166.31,-164.41,-185.27381818181817
507,-151.59,-149.08,-142.42,-134.67,-134.52,-133.85,-132.53,-130.10,-128.97,-128.34,-140.41345454545453
735,-190.93,-189.97,-189.38,-184.38,-183.62,-181.84,-181.25,-180.67,-179.97,-178.86,-186.20836363636366
622,-214.30,-205.72,-198.60,-195.72,-192.14,-191.58,-188.81,-188.80,-188.79,-186.99,-199.09581818181815
363,-176.10,-163.23,-156.80,-155.61,-155.31,-150.96,-147.16,-147.03,-145.49,-141.26,-158.58854545454543
478,-253.76,-249.62,-206.83,-201.53,-195.06,-194.54,-194.43,-191.13,-190.59,-189.70,-216.6287272727273
243,-140.71,-138.04,-128.36,-126.70,-126.61,-122.14,-118.88,-118.40,-117.69,-116.60,-129.38727272727272
036,-209.33,-206.46,-206.03,-204.12,-197.40,-190.10,-189.27,-188.93,-187.69,-187.24,-200.90745454545456
436,-237.08,-232.22,-213.43,-209.36,-207.84,-203.73,-200.86,-198.97,-198.52,-197.84,-216.2665454545455
443,-191.73,-173.00,-163.32,-160.89,-156.62,-151.70,-148.83,-147.68,-146.76,-146.18,-165.15218181818187
463,-189.36,-184.54,-176.55,-172.93,-172.81,-169.56,-169.07,-167.08,-164.00,-159.96,-176.86381818181817
493,-191.72,-173.06,-169.68,-164.85,-164.37,-158.34,-150.48,-148.34,-147.05,-146.74,-168.21509090909092
339,-222.00,-200.46,-177.68,-177.32,-176.71,-175.32,-175.13,-172.31,-172.24,-171.16,-188.3049090909091
566,-172.21,-154.88,-153.82,-153.08,-148.13,-146.83,-146.16,-145.30,-144.71,-144.24,-154.45945454545452
703,-184.74,-183.67,-179.80,-179.19,-178.33,-173.68,-173.48,-171.28,-170.84,-170.69,-179.12127272727272
345,-176.38,-176.28,-166.13,-165.88,-159.93,-155.24,-150.86,-150.05,-149.00,-148.16,-165.0190909090909
009,-170.94,-168.80,-160.24,-158.04,-157.52,-155.58,-154.84,-153.65,-151.22,-148.62,-161.29436363636364
331,-189.86,-183.75,-167.38,-163.88,-160.85,-152.02,-151.67,-150.82,-145.00,-144.94,-168.3241818181818
400,-238.58,-225.38,-216.41,-214.66,-203.20,-192.75,-191.52,-190.26,-188.50,-188.25,-213.33054545454547
712,-195.00,-189.27,-178.42,-178.32,-175.52,-173.18,-173.16,-173.16,-172.10,-171.71,-181.3832727272727
063,-162.57,-161.16,-139.69,-139.27,-134.01,-128.53,-128.30,-125.77,-123.68,-121.64,-143.17763636363637
341,-177.13,-176.22,-175.33,-170.44,-167.61,-163.14,-158.23,-158.09,-157.21,-156.90,-170.0521818181818
390,-182.76,-180.98,-180.36,-170.88,-170.32,-167.95,-166.85,-165.82,-164.94,-164.43,-174.84181818181816
492,-198.50,-183.07,-175.84,-174.35,-173.60,-169.64,-166.91,-166.63,-165.17,-164.68,-178.40272727272728
425,-149.99,-143.29,-138.97,-137.09,-134.39,-129.77,-128.59,-128.52,-128.41,-128.34,-138.20309090909092
068,-170.24,-169.72,-169.26,-166.07,-165.78,-165.27,-164.94,-156.92,-155.36,-154.16,-166.59781818181816
574,-189.55,-175.15,-174.24,-166.28,-165.60,-159.43,-159.27,-159.02,-156.67,-156.58,-170.99163636363636
776,-234.56,-227.00,-225.60,-224.76,-207.29,-207.26,-206.42,-202.43,-201.68,-191.00,-219.52890909090908
082,-182.55,-179.63,-170.64,-155.65,-154.07,-152.84,-151.95,-150.76,-149.64,-148.92,-165.3407272727273
711,-226.84,-213.91,-205.28,-202.54,-191.44,-188.41,-188.16,-184.28,-183.80,-177.63,-203.54563636363633
315,-192.96,-191.59,-169.11,-168.43,-164.16,-160.90,-159.52,-154.72,-152.13,-149.47,-173.2950909090909
679,-196.52,-193.55,-180.95,-180.86,-180.07,-174.01,-173.40,-172.88,-172.05,-171.76,-183.62436363636363
143,-196.49,-186.43,-183.46,-178.14,-174.82,-171.26,-170.41,-169.57,-166.58,-164.19,-180.9154545454545
024,-217.09,-206.58,-193.64,-183.96,-180.72,-180.48,-178.72,-177.10,-176.70,-175.79,-193.25545454545454
216,-186.18,-185.68,-183.51,-181.02,-180.06,-176.54,-173.35,-172.88,-172.62,-166.19,-180.994
097,-243.20,-220.83,-219.30,-209.04,-193.10,-193.03,-191.84,-190.41,-188.55,-188.42,-212.09109090909092
127,-249.99,-248.72,-230.19,-226.75,-215.17,-212.50,-211.46,-200.98,-199.82,-193.28,-228.4067272727273
580,-240.60,-238.84,-230.49,-223.18,-218.16,-213.14,-207.92,-207.89,-207.79,-207.65,-225.72690909090912
159,-199.02,-182.55,-171.72,-171.08,-168.95,-167.22,-164.97,-160.10,-159.37,-157.21,-175.8254545454545
257,-182.43,-177.83,-157.44,-157.22,-151.42,-145.74,-143.28,-141.26,-140.21,-139.57,-160.708
699,-194.38,-191.29,-187.54,-184.01,-179.63,-179.27,-178.83,-177.87,-177.23,-174.68,-185.56363636363633
211,-199.95,-198.45,-193.42,-191.19,-188.15,-183.58,-178.98,-176.90,-176.43,-174.60,-190.7658181818182
281,-192.91,-173.37,-169.97,-169.25,-168.09,-168.03,-163.83,-160.03,-160.02,-158.26,-172.66072727272729
578,-204.60,-196.68,-190.61,-187.50,-186.49,-185.50,-183.23,-183.03,-177.87,-177.56,-191.18636363636364
069,-224.46,-221.04,-215.84,-211.67,-201.58,-199.35,-199.02,-197.33,-197.01,-194.07,-211.35927272727272
726,-207.65,-197.58,-196.32,-193.42,-193.10,-185.86,-182.90,-181.43,-181.38,-180.46,-194.29509090909087
152,-157.51,-144.52,-143.31,-141.57,-140.36,-139.63,-137.00,-136.37,-135.77,-134.57,-143.94145454545452
510,-203.44,-195.17,-187.55,-184.90,-181.91,-181.27,-181.19,-176.15,-175.55,-172.85,-188.37454545454548
624,-211.46,-211.27,-199.47,-195.18,-191.76,-190.23,-187.47,-185.54,-183.17,-181.30,-198.7981818181818
765,-188.64,-185.36,-184.58,-183.36,-174.51,-172.66,-172.54,-172.43,-170.32,-170.07,-180.78763636363635
481,-223.73,-211.52,-199.56,-195.75,-189.97,-186.49,-184.66,-184.42,-180.21,-179.49,-200.21436363636363
799,-159.21,-150.70,-149.64,-148.76,-147.03,-143.31,-142.36,-140.71,-139.26,-138.47,-148.9841818181818
595,-202.74,-197.56,-180.54,-172.09,-169.82,-166.64,-166.22,-165.00,-164.10,-162.13,-181.03127272727272
456,-219.23,-184.84,-183.67,-182.57,-182.24,-180.21,-179.65,-179.32,-178.58,-177.37,-188.8870909090909
259,-159.01,-142.48,-140.22,-139.07,-138.56,-136.99,-136.54,-136.21,-135.79,-135.70,-142.65545454545455
177,-193.01,-182.92,-175.68,-174.50,-167.39,-167.38,-165.72,-163.16,-162.17,-159.83,-176.01981818181815
410,-257.02,-252.60,-235.85,-233.23,-224.24,-223.66,-219.96,-218.71,-214.43,-205.44,-236.30945454545454
261,-200.16,-196.20,-192.35,-187.49,-186.87,-186.28,-185.52,-182.49,-181.59,-175.42,-190.89818181818183
376,-158.15,-146.40,-143.31,-138.77,-138.14,-135.84,-134.04,-132.34,-132.08,-131.68,-142.80054545454547
439,-265.40,-242.10,-231.99,-217.06,-207.42,-204.12,-202.92,-198.44,-198.06,-197.67,-226.8027272727273
714,-265.77,-229.35,-221.29,-217.35,-217.10,-213.09,-210.92,-210.61,-210.45,-207.58,-227.012
661,-215.71,-214.91,-192.99,-181.62,-180.83,-176.89,-175.57,-174.89,-174.85,-174.72,-193.2245454545455
734,-164.95,-160.63,-149.33,-145.19,-142.47,-142.09,-141.97,-140.99,-136.35,-135.16,-150.36581818181818
054,-202.99,-195.33,-192.99,-191.19,-189.66,-189.39,-182.17,-174.01,-171.57,-170.59,-191.26309090909092
130,-197.75,-171.96,-168.24,-163.74,-163.23,-161.49,-160.37,-158.81,-154.15,-153.31,-170.61072727272727
078,-124.29,-124.06,-119.88,-117.39,-117.17,-117.08,-114.84,-112.41,-112.22,-110.24,-119.27090909090907
388,-174.13,-173.90,-161.40,-150.12,-146.44,-146.17,-141.10,-139.83,-134.42,-133.73,-157.17072727272725
557,-189.34,-189.28,-185.94,-184.36,-184.05,-177.98,-177.89,-176.74,-176.26,-176.20,-184.35745454545457
198,-135.43,-133.54,-121.68,-119.71,-118.34,-118.11,-117.63,-117.51,-115.86,-113.18,-124.2929090909091
163,-319.22,-298.71,-294.01,-293.39,-272.78,-265.24,-262.56,-262.27,-253.80,-251.17,-288.0927272727273
693,-213.36,-201.10,-198.21,-192.80,-190.99,-186.42,-186.36,-185.22,-182.89,-182.79,-196.48163636363643
561,-200.58,-193.84,-182.44,-176.62,-176.54,-173.95,-171.57,-169.10,-168.06,-163.15,-183.05563636363635
779,-202.00,-201.86,-197.64,-191.44,-182.06,-182.00,-181.91,-181.42,-179.69,-175.66,-192.13163636363635
695,-182.84,-180.40,-172.10,-168.65,-168.19,-166.35,-166.13,-165.51,-163.35,-163.29,-172.7505454545455
194,-156.60,-156.50,-149.56,-145.81,-142.52,-141.41,-141.37,-140.64,-140.14,-139.45,-148.38090909090906
457,-194.52,-190.69,-186.96,-180.86,-180.44,-178.98,-176.48,-175.59,-172.95,-168.85,-184.51072727272728
775,-232.21,-229.21,-207.82,-206.24,-205.95,-205.50,-203.96,-203.63,-201.91,-198.20,-214.23963636363638
126,-240.91,-205.62,-199.39,-197.14,-195.85,-190.24,-190.14,-189.14,-188.45,-181.50,-204.49927272727274
706,-213.19,-205.28,-201.20,-190.68,-189.11,-182.97,-182.68,-181.08,-179.92,-174.79,-196.03418181818185
764,-136.48,-136.33,-136.26,-135.46,-134.16,-131.41,-130.50,-129.47,-129.22,-129.00,-134.36236363636363
348,-206.32,-200.26,-198.82,-194.73,-194.65,-170.66,-169.01,-165.42,-165.32,-164.79,-191.05709090909093
576,-172.62,-163.63,-161.18,-159.44,-158.43,-152.73,-150.72,-150.23,-148.60,-148.07,-160.31745454545452
119,-185.15,-170.95,-167.58,-161.53,-161.20,-160.81,-160.75,-160.19,-159.37,-157.59,-167.86454545454546
534,-193.85,-192.83,-187.13,-178.71,-177.18,-173.51,-172.09,-171.86,-171.26,-170.62,-183.08527272727278
222,-194.41,-184.87,-183.67,-181.33,-175.37,-175.05,-174.34,-171.70,-171.12,-170.20,-181.79945454545458
022,-189.21,-180.09,-177.28,-171.07,-169.73,-163.11,-161.66,-161.15,-160.93,-157.44,-174.03563636363637
643,-174.31,-170.42,-169.31,-167.59,-158.04,-153.82,-152.60,-151.27,-151.20,-150.94,-164.35236363636363
055,-196.81,-190.92,-186.18,-177.85,-174.12,-172.55,-172.29,-171.35,-171.33,-170.08,-182.62163636363633
639,-181.01,-169.17,-165.65,-162.14,-161.74,-157.53,-156.19,-155.67,-155.32,-155.09,-165.60727272727271
728,-181.97,-180.82,-172.27,-169.70,-160.60,-160.44,-159.60,-156.74,-153.25,-152.23,-169.93254545454545
398,-173.85,-165.90,-160.70,-159.29,-158.31,-155.88,-155.77,-155.58,-155.16,-154.77,-162.11636363636362
431,-164.61,-140.21,-137.73,-134.72,-133.33,-127.67,-127.51,-127.23,-126.84,-125.69,-139.31454545454545
549,-219.87,-217.74,-205.69,-200.91,-198.78,-196.65,-196.35,-196.20,-187.45,-186.94,-205.85490909090908
475,-206.18,-190.31,-179.65,-173.94,-168.80,-167.06,-164.79,-159.26,-158.28,-156.50,-179.7721818181818
169,-170.76,-168.10,-164.87,-154.99,-147.87,-141.67,-141.48,-138.96,-137.20,-136.84,-156.61818181818182
556,-257.54,-242.96,-233.74,-230.76,-229.36,-222.03,-219.23,-215.78,-215.22,-213.68,-234.58127272727276
355,-167.20,-144.81,-144.56,-142.32,-141.77,-135.62,-130.77,-128.20,-125.42,-124.14,-144.35254545454546
733,-157.42,-152.04,-151.86,-144.59,-143.04,-139.30,-136.59,-135.23,-134.14,-133.37,-146.87290909090908
594,-173.61,-168.90,-166.13,-164.76,-161.34,-158.70,-156.56,-156.33,-155.14,-155.03,-164.73890909090912
519,-221.61,-193.26,-187.90,-172.40,-169.46,-168.63,-166.64,-166.61,-164.11,-160.10,-185.09199999999998
286,-181.34,-156.69,-156.22,-155.00,-152.85,-151.03,-147.76,-144.67,-143.96,-142.93,-157.93672727272724
428,-297.86,-271.07,-247.77,-243.64,-232.00,-217.23,-216.54,-216.04,-212.95,-212.08,-249.75054545454546
621,-251.26,-240.58,-237.45,-216.95,-213.01,-210.14,-209.78,-205.60,-193.92,-192.40,-226.5634545454545
083,-198.92,-181.07,-171.96,-169.47,-169.20,-168.37,-166.39,-165.29,-164.18,-158.69,-176.11509090909095
133,-150.72,-142.99,-138.90,-130.70,-126.81,-126.33,-126.25,-125.52,-125.21,-124.91,-135.8110909090909
344,-193.23,-186.28,-185.90,-171.19,-166.39,-166.30,-163.78,-163.42,-161.59,-160.95,-177.34
403,-209.59,-205.72,-191.93,-186.99,-184.86,-182.33,-178.69,-178.39,-175.32,-175.20,-192.5150909090909
202,-246.62,-230.14,-227.93,-222.78,-222.48,-216.12,-212.90,-211.49,-211.29,-206.65,-226.38436363636362
528,-229.21,-216.00,-215.98,-213.87,-213.68,-210.84,-208.19,-198.22,-194.38,-194.08,-214.68309090909094
030,-140.43,-130.34,-129.63,-127.33,-127.18,-126.95,-126.77,-119.73,-118.38,-117.90,-129.53581818181817
397,-191.21,-186.26,-177.33,-170.38,-166.23,-164.95,-163.75,-160.12,-160.01,-159.74,-175.218
335,-164.87,-163.19,-160.67,-154.78,-151.90,-149.78,-149.12,-148.36,-147.09,-146.79,-156.892
415,-198.91,-198.33,-192.83,-188.95,-186.04,-181.78,-181.68,-180.33,-179.77,-173.47,-190.27672727272727
031,-195.65,-195.45,-185.98,-184.51,-184.41,-178.22,-177.50,-171.17,-170.96,-170.95,-185.98000000000002
741,-216.60,-215.80,-212.24,-203.86,-198.12,-192.23,-190.94,-190.78,-189.49,-188.45,-205.20981818181818
583,-216.02,-210.80,-206.50,-206.49,-205.86,-204.48,-203.38,-202.13,-201.05,-200.64,-207.9098181818182
620,-197.42,-188.30,-181.99,-178.10,-177.90,-176.93,-176.33,-173.99,-173.31,-173.08,-183.1010909090909
709,-206.95,-195.82,-194.91,-189.79,-189.39,-188.73,-182.70,-181.57,-177.06,-176.03,-192.82436363636364
237,-221.46,-180.71,-178.41,-176.33,-174.49,-174.33,-172.35,-171.80,-165.16,-161.93,-183.96763636363636
389,-185.72,-184.24,-182.85,-178.81,-175.25,-173.43,-171.23,-169.66,-167.85,-162.19,-178.91400000000002
204,-209.26,-195.74,-194.09,-190.83,-189.85,-189.68,-189.44,-185.61,-183.67,-182.19,-194.44381818181822
633,-196.63,-195.84,-194.64,-191.67,-190.86,-186.29,-183.96,-181.25,-180.12,-179.82,-191.3441818181818
084,-239.05,-221.85,-210.34,-197.34,-193.79,-185.46,-183.85,-182.70,-182.16,-181.31,-206.73490909090907
239,-152.45,-144.42,-144.18,-143.02,-142.19,-140.76,-140.32,-140.04,-139.00,-138.86,-144.25563636363634
795,-172.11,-132.08,-131.10,-127.89,-123.93,-122.30,-120.52,-120.16,-118.44,-118.23,-134.66545454545454
582,-211.86,-202.45,-198.80,-187.47,-184.82,-183.30,-181.49,-178.53,-172.81,-172.72,-193.61181818181822
087,-192.93,-181.57,-179.02,-178.24,-177.70,-169.07,-167.09,-165.71,-165.54,-164.36,-178.46818181818182
663,-173.91,-166.13,-158.39,-156.77,-155.93,-155.57,-151.48,-148.14,-147.43,-147.41,-160.08763636363636
027,-200.58,-192.37,-191.91,-183.32,-178.75,-176.79,-174.52,-173.78,-171.18,-170.52,-186.2618181818182
101,-197.88,-194.87,-181.66,-179.40,-177.90,-177.88,-173.38,-173.24,-173.19,-172.59,-184.19490909090908
247,-178.66,-169.07,-160.60,-160.39,-157.61,-156.10,-153.94,-153.76,-152.00,-151.30,-163.16836363636364
563,-226.24,-220.23,-210.16,-202.40,-199.78,-197.96,-193.39,-190.44,-189.84,-189.31,-208.08909090909086
521,-213.11,-199.49,-199.10,-191.97,-191.02,-183.32,-180.91,-179.19,-177.20,-176.98,-194.8801818181818
558,-224.89,-222.27,-220.16,-209.21,-201.72,-198.42,-196.43,-193.52,-193.42,-193.33,-211.34454545454543
792,-147.26,-145.52,-140.59,-136.65,-135.70,-131.95,-131.56,-130.82,-129.99,-126.64,-138.96036363636364
683,-220.88,-212.38,-197.75,-193.81,-191.12,-188.66,-185.67,-184.95,-183.23,-182.98,-199.9250909090909
629,-177.72,-169.41,-169.01,-168.98,-165.90,-165.79,-162.77,-160.57,-158.88,-156.94,-168.52127272727273
419,-192.12,-183.50,-179.46,-178.93,-178.35,-175.61,-175.03,-173.46,-171.77,-169.31,-180.77072727272727
766,-161.39,-158.07,-157.59,-152.22,-148.10,-142.10,-142.03,-141.03,-139.38,-139.33,-152.20345454545452
517,-225.81,-210.18,-205.58,-204.38,-203.94,-203.47,-198.32,-193.38,-186.54,-185.72,-207.24054545454544
487,-208.59,-202.00,-199.05,-198.51,-197.41,-196.95,-196.44,-192.81,-189.05,-186.66,-199.70963636363638
070,-175.65,-165.09,-164.89,-162.28,-160.47,-155.17,-155.00,-154.93,-154.07,-153.74,-163.32236363636363
551,-247.67,-246.98,-222.85,-221.10,-216.75,-214.58,-214.01,-207.44,-207.29,-207.16,-227.33672727272725
270,-177.01,-175.95,-164.07,-163.60,-162.58,-162.56,-160.85,-160.84,-159.07,-157.70,-167.29909090909092
196,-172.87,-169.96,-166.22,-160.50,-147.86,-146.94,-146.39,-143.81,-141.38,-141.33,-159.53709090909092
392,-213.84,-205.22,-177.51,-177.13,-169.33,-168.76,-167.51,-163.04,-161.46,-160.83,-184.51018181818182
168,-214.02,-192.81,-188.65,-187.71,-184.74,-177.95,-174.65,-170.33,-170.01,-168.36,-189.36036363636367
181,-150.11,-133.34,-129.82,-127.04,-126.38,-125.14,-124.39,-123.48,-123.19,-123.04,-131.82545454545453
716,-193.83,-187.95,-184.69,-180.20,-174.81,-169.66,-169.60,-167.27,-165.11,-164.05,-180.73472727272724
689,-182.80,-182.51,-179.20,-178.94,-177.18,-171.17,-169.74,-167.70,-165.21,-162.20,-177.27963636363637
432,-210.14,-206.76,-198.07,-194.04,-188.41,-187.96,-186.82,-186.66,-186.29,-184.23,-197.08018181818179
512,-208.76,-201.03,-198.47,-193.18,-183.63,-183.27,-178.87,-178.79,-177.97,-177.86,-193.4667272727273
208,-189.35,-167.23,-166.30,-156.59,-155.07,-154.75,-153.91,-152.95,-152.50,-149.56,-164.69672727272726
470,-188.59,-188.05,-183.10,-177.75,-174.46,-174.07,-174.00,-173.95,-173.58,-172.95,-180.77218181818185
007,-173.59,-154.59,-154.42,-152.97,-150.22,-149.18,-149.05,-146.49,-144.91,-139.65,-155.37672727272727
299,-249.41,-239.35,-225.44,-216.85,-216.27,-215.60,-214.47,-213.20,-207.29,-201.20,-226.52
637,-191.31,-187.70,-175.38,-174.79,-171.32,-167.60,-167.19,-164.71,-164.04,-163.98,-177.26981818181815
718,-206.54,-200.87,-193.33,-181.36,-179.79,-178.82,-176.62,-175.50,-174.55,-173.66,-189.41763636363635
178,-201.48,-174.29,-172.58,-168.77,-167.97,-167.04,-164.80,-163.25,-161.21,-160.57,-174.91636363636363
682,-197.42,-196.93,-189.52,-188.32,-186.01,-184.11,-184.02,-182.83,-182.78,-182.72,-190.00781818181812
612,-205.74,-205.58,-196.51,-190.66,-183.80,-183.23,-180.84,-179.58,-177.53,-177.48,-193.23472727272727
192,-210.97,-200.92,-200.09,-186.19,-176.72,-167.19,-163.07,-161.42,-159.40,-156.66,-187.82363636363635
604,-167.50,-155.94,-155.42,-153.20,-152.65,-151.65,-151.16,-148.30,-147.76,-147.69,-155.65672727272727
416,-215.15,-209.74,-198.23,-197.21,-193.46,-192.62,-179.18,-178.73,-177.56,-177.22,-198.4469090909091
351,-192.34,-177.90,-172.93,-168.64,-167.81,-166.85,-166.64,-166.41,-163.08,-163.03,-174.26381818181818
111,-156.77,-149.11,-147.24,-146.54,-145.05,-143.68,-142.46,-141.07,-139.55,-138.93,-147.51218181818183
678,-190.93,-189.44,-182.54,-181.19,-179.46,-175.51,-174.99,-174.95,-174.40,-174.38,-182.64018181818182
625,-247.30,-202.77,-202.32,-199.40,-194.68,-192.07,-191.70,-187.69,-186.86,-186.75,-206.0192727272727
630,-213.44,-211.72,-208.03,-202.58,-200.49,-198.69,-195.65,-193.13,-193.04,-192.73,-204.7158181818182
569,-248.64,-241.25,-211.55,-197.51,-196.05,-186.46,-184.81,-184.68,-184.54,-184.48,-212.51018181818174
012,-183.89,-174.85,-172.56,-167.21,-160.47,-160.09,-159.80,-158.94,-158.49,-156.75,-169.3912727272727
723,-218.40,-182.60,-182.22,-181.44,-180.82,-180.31,-180.29,-179.99,-178.48,-177.25,-187.9463636363636
365,-206.44,-202.78,-191.19,-191.03,-185.17,-179.44,-179.06,-176.29,-175.78,-174.77,-191.56018181818183
016,-182.75,-181.24,-180.80,-179.99,-178.97,-177.05,-176.99,-176.19,-173.59,-172.92,-179.6489090909091
385,-194.57,-193.10,-190.10,-179.43,-176.67,-175.28,-173.02,-170.64,-170.53,-169.64,-183.84599999999998
199,-151.14,-143.40,-140.35,-136.02,-135.98,-135.61,-134.07,-128.06,-127.27,-126.87,-139.50436363636365
780,-232.27,-226.55,-206.29,-205.22,-202.97,-197.08,-195.54,-188.83,-183.18,-180.02,-209.94109090909092
476,-176.46,-173.44,-172.26,-171.95,-170.22,-169.96,-169.88,-168.78,-168.07,-166.76,-172.13036363636363
662,-223.50,-196.08,-192.85,-185.56,-180.12,-179.10,-176.83,-176.30,-175.90,-175.24,-192.3803636363636
184,-224.16,-205.12,-196.47,-191.28,-187.24,-184.74,-184.02,-183.37,-182.97,-180.87,-197.7916363636364
349,-138.03,-137.17,-135.51,-133.94,-132.75,-132.29,-129.59,-128.92,-128.32,-128.31,-134.26381818181818
170,-180.13,-177.67,-161.72,-160.74,-160.00,-158.37,-156.28,-155.82,-151.98,-151.13,-165.7961818181818
698,-192.13,-182.82,-179.93,-178.31,-172.56,-171.66,-169.16,-167.50,-162.18,-161.78,-178.42236363636366
353,-180.79,-147.64,-139.03,-137.87,-136.63,-135.44,-133.35,-132.40,-131.83,-131.68,-146.12563636363635
465,-219.85,-210.93,-210.89,-208.32,-194.65,-189.44,-188.01,-184.64,-183.67,-181.62,-203.8590909090909
785,-220.01,-219.48,-210.53,-207.68,-201.30,-199.87,-195.45,-194.60,-191.37,-191.09,-208.36363636363637
652,-232.19,-195.52,-192.99,-190.40,-188.30,-183.32,-180.71,-177.23,-176.80,-176.35,-196.16690909090912
567,-222.63,-215.96,-210.86,-204.57,-199.49,-198.44,-196.72,-196.60,-192.12,-191.94,-207.83290909090908
483,-254.71,-235.15,-232.67,-227.76,-227.32,-225.72,-221.03,-219.63,-215.10,-213.64,-232.7
285,-250.01,-209.08,-195.22,-195.06,-185.11,-184.14,-181.28,-180.55,-180.41,-176.53,-202.62690909090912
187,-228.13,-211.54,-205.62,-203.65,-196.45,-193.87,-193.43,-192.94,-192.79,-190.77,-206.0474545454545
794,-173.66,-155.11,-150.79,-143.71,-143.45,-143.40,-143.30,-142.68,-141.88,-141.45,-151.80054545454547
136,-144.59,-137.10,-131.90,-129.94,-127.46,-123.27,-121.32,-121.25,-118.95,-118.23,-131.47
039,-213.30,-197.52,-195.06,-193.63,-192.10,-190.82,-190.13,-188.74,-187.53,-185.38,-196.73545454545453
407,-288.95,-263.29,-246.21,-245.43,-240.37,-231.77,-228.72,-218.25,-217.29,-216.75,-250.34236363636364
677,-187.96,-178.32,-167.67,-164.83,-162.16,-160.26,-159.78,-157.91,-157.25,-157.23,-169.79072727272728
368,-156.65,-156.18,-148.77,-148.06,-147.84,-145.57,-145.55,-144.62,-144.19,-142.45,-150.19054545454546
106,-196.46,-194.46,-194.31,-191.91,-183.63,-182.72,-181.97,-179.56,-176.59,-174.08,-189.48709090909088
752,-192.04,-189.77,-186.21,-182.32,-177.10,-173.09,-172.05,-171.12,-170.86,-170.18,-182.46836363636368
013,-170.07,-158.83,-148.55,-139.27,-138.14,-137.70,-135.61,-134.17,-131.46,-131.28,-148.1809090909091
422,-243.07,-225.44,-218.59,-217.43,-217.37,-212.20,-211.40,-209.79,-209.06,-208.95,-221.7754545454546
688,-191.36,-182.78,-180.62,-176.27,-175.38,-175.23,-172.72,-171.09,-170.43,-169.86,-179.65036363636364
370,-207.08,-206.90,-197.78,-192.85,-189.73,-188.68,-187.15,-178.99,-175.13,-174.68,-195.58872727272728
781,-236.55,-209.99,-203.55,-196.60,-193.93,-191.32,-181.99,-176.46,-176.00,-175.17,-202.99454545454546
220,-185.70,-185.61,-183.68,-182.72,-181.38,-180.87,-176.95,-175.36,-174.74,-173.22,-182.27599999999998
044,-181.40,-175.19,-174.10,-172.93,-169.13,-160.47,-160.14,-157.76,-153.35,-151.99,-170.61236363636368
271,-170.50,-149.04,-148.54,-145.01,-139.64,-139.20,-138.15,-135.87,-134.09,-133.82,-148.10545454545453
269,-197.65,-197.16,-195.85,-189.41,-184.42,-183.26,-182.58,-178.33,-178.19,-177.00,-190.27490909090903
571,-192.22,-185.36,-182.88,-182.74,-182.56,-180.04,-178.96,-177.49,-177.26,-170.14,-183.65800000000002
394,-187.13,-158.47,-157.57,-157.15,-155.93,-154.65,-152.43,-152.09,-149.71,-149.51,-161.48890909090912
391,-169.29,-163.32,-155.34,-152.44,-151.51,-151.14,-149.85,-148.45,-147.34,-147.16,-156.79872727272723
278,-136.56,-130.63,-122.15,-116.43,-116.21,-116.11,-113.53,-112.61,-112.31,-110.62,-122.51781818181819
747,-165.21,-165.14,-162.00,-161.62,-161.61,-159.19,-159.05,-157.85,-157.75,-157.57,-162.0750909090909
112,-166.16,-162.84,-149.93,-148.43,-145.59,-143.85,-143.83,-142.04,-141.66,-140.04,-152.4218181818182
201,-251.45,-250.65,-245.10,-229.97,-218.39,-217.68,-217.66,-214.87,-213.62,-212.86,-234.45509090909093
729,-183.99,-180.82,-176.45,-174.80,-174.16,-173.34,-172.60,-169.87,-169.63,-169.11,-176.7730909090909
066,-124.36,-117.63,-116.77,-116.27,-115.09,-111.58,-109.11,-109.04,-108.06,-106.54,-116.09054545454543
150,-208.17,-206.01,-205.97,-193.57,-187.08,-182.26,-179.31,-179.25,-173.13,-172.28,-195.3790909090909
784,-213.84,-209.35,-205.31,-200.14,-192.84,-188.25,-187.92,-187.46,-187.34,-186.85,-200.7252727272727
438,-235.14,-230.95,-226.21,-224.40,-221.12,-214.64,-212.94,-212.78,-208.89,-201.98,-224.00381818181816
572,-194.96,-189.94,-176.99,-175.75,-175.14,-175.13,-171.92,-170.53,-168.44,-168.37,-180.65890909090913
172,-178.32,-172.60,-162.05,-161.81,-161.08,-160.25,-158.48,-158.37,-158.04,-155.41,-165.70763636363637
190,-183.51,-179.42,-174.57,-159.32,-157.98,-155.93,-154.60,-153.95,-153.52,-152.48,-167.79963636363638
518,-195.13,-173.65,-168.25,-165.96,-165.48,-160.58,-159.67,-159.12,-159.04,-157.13,-171.07090909090908
411,-208.54,-201.47,-199.78,-196.68,-189.67,-183.23,-182.11,-181.86,-180.95,-179.15,-195.32490909090907
494,-181.71,-178.24,-176.13,-172.66,-171.75,-169.82,-167.01,-164.64,-163.73,-160.31,-173.96818181818182
358,-201.17,-178.52,-178.04,-176.55,-175.69,-174.35,-164.98,-160.94,-160.88,-156.04,-178.63600000000002
309,-193.15,-187.25,-185.22,-182.97,-182.16,-180.13,-172.90,-170.70,-168.99,-165.48,-183.274
062,-149.45,-147.35,-143.36,-142.74,-142.32,-140.42,-139.18,-137.88,-137.75,-137.06,-143.73909090909092
429,-220.27,-220.26,-214.26,-208.12,-201.96,-198.21,-197.34,-195.60,-189.09,-189.04,-209.13
236,-205.50,-201.99,-196.29,-187.23,-186.42,-182.05,-180.48,-179.36,-178.70,-175.03,-192.27345454545454
657,-195.17,-191.72,-186.72,-179.42,-174.29,-173.20,-169.91,-168.02,-166.34,-165.01,-182.18199999999996
263,-216.48,-215.01,-207.88,-203.24,-200.75,-200.59,-196.18,-195.57,-195.49,-192.43,-206.32545454545456
364,-238.97,-220.08,-203.79,-201.27,-201.03,-198.48,-189.31,-188.28,-186.26,-185.00,-208.86927272727272
669,-193.96,-184.70,-176.89,-175.86,-175.44,-173.90,-172.98,-171.28,-163.47,-160.08,-179.32654545454548
088,-205.48,-197.51,-196.87,-196.55,-192.24,-187.25,-183.74,-182.70,-182.09,-179.07,-194.53090909090906
466,-173.99,-168.30,-165.14,-164.70,-163.33,-161.55,-159.25,-159.17,-158.34,-157.68,-165.54945454545458
020,-211.78,-203.36,-194.44,-192.26,-191.21,-189.27,-182.12,-179.75,-177.39,-177.26,-195.3229090909091
125,-280.20,-277.91,-270.98,-270.07,-269.12,-247.45,-246.49,-246.01,-235.57,-234.41,-266.2369090909091
596,-209.55,-200.02,-196.95,-193.80,-192.06,-187.89,-185.96,-184.74,-184.02,-181.96,-195.77727272727276
667,-236.80,-234.51,-223.99,-219.38,-208.70,-196.76,-196.44,-192.36,-190.07,-188.89,-217.70981818181812
361,-224.04,-202.47,-200.38,-197.79,-193.78,-193.72,-193.43,-191.51,-191.08,-189.03,-201.8349090909091
025,-162.34,-158.91,-154.56,-154.22,-152.31,-151.55,-150.52,-149.19,-146.91,-146.33,-155.10945454545453
577,-176.64,-175.96,-173.79,-159.12,-156.01,-154.58,-153.68,-153.11,-150.30,-149.91,-165.23127272727274
336,-197.04,-193.09,-182.86,-181.96,-177.06,-176.14,-175.49,-167.70,-163.19,-155.59,-183.18000000000004
277,-144.71,-138.32,-136.34,-135.78,-131.94,-129.26,-123.79,-123.66,-123.46,-122.73,-134.67072727272725
245,-140.86,-135.89,-132.03,-131.98,-128.68,-128.30,-122.99,-122.56,-121.43,-120.75,-131.79163636363634
029,-194.95,-193.67,-189.46,-186.84,-186.65,-186.28,-186.01,-184.07,-181.67,-180.30,-189.2232727272727
797,-189.57,-170.44,-157.18,-156.53,-149.14,-146.13,-145.80,-143.66,-141.86,-141.82,-160.87309090909088
357,-184.01,-180.10,-169.60,-163.78,-163.63,-162.82,-160.71,-160.43,-157.28,-155.54,-170.07945454545455
708,-185.58,-182.52,-172.33,-170.43,-167.24,-166.47,-163.79,-159.57,-155.42,-155.32,-172.83545454545455
175,-207.94,-190.37,-186.22,-183.51,-182.25,-179.99,-178.85,-176.58,-174.00,-173.05,-187.7581818181818
635,-202.78,-199.94,-196.21,-189.79,-184.11,-181.69,-181.16,-180.94,-180.86,-180.69,-191.79
323,-201.37,-194.14,-179.10,-174.57,-172.17,-169.67,-166.99,-166.42,-165.10,-163.98,-181.06400000000005
360,-207.29,-199.88,-198.45,-195.70,-188.80,-185.95,-184.05,-181.94,-181.24,-178.79,-194.8210909090909
321,-153.35,-149.60,-149.18,-142.38,-140.97,-140.33,-140.26,-139.46,-139.40,-139.35,-145.728
157,-157.75,-152.64,-143.28,-142.77,-140.37,-137.47,-133.86,-132.33,-127.45,-125.71,-144.35454545454547
599,-219.31,-218.13,-200.29,-195.16,-190.17,-189.87,-184.36,-183.58,-182.52,-182.23,-200.9187272727273
131,-204.73,-202.43,-200.48,-198.08,-185.62,-182.80,-179.19,-178.39,-176.48,-175.89,-193.9649090909091
362,-215.24,-197.38,-194.32,-191.19,-181.68,-177.82,-176.84,-175.79,-174.17,-172.60,-191.93745454545456
382,-142.03,-127.15,-119.16,-115.65,-111.40,-111.05,-110.60,-107.80,-107.71,-106.71,-120.71018181818182
104,-153.15,-151.75,-149.40,-148.83,-143.78,-142.75,-140.73,-140.15,-140.06,-139.68,-147.5247272727273
454,-228.61,-218.51,-216.43,-215.53,-201.12,-200.92,-193.63,-189.46,-188.06,-187.39,-211.10127272727274
670,-176.72,-174.03,-172.86,-165.31,-164.02,-163.85,-163.53,-162.24,-160.68,-160.18,-169.07763636363637
646,-187.37,-178.75,-173.10,-170.96,-160.01,-155.21,-154.16,-153.59,-153.43,-153.36,-169.7765454545455
226,-200.45,-198.73,-197.24,-193.50,-190.72,-187.70,-185.14,-182.36,-178.89,-178.69,-193.31672727272726
091,-221.27,-215.18,-214.52,-208.46,-205.87,-203.61,-196.81,-193.37,-185.85,-183.95,-209.10854545454546
154,-192.39,-191.68,-184.55,-176.33,-167.98,-163.59,-162.62,-157.98,-154.24,-154.19,-177.68454545454549
605,-183.13,-179.98,-177.80,-177.35,-177.08,-175.08,-174.97,-173.98,-173.74,-173.57,-178.10399999999998
668,-215.38,-196.20,-192.50,-187.38,-187.09,-186.39,-185.09,-185.00,-184.09,-183.12,-194.0438181818182
092,-197.39,-193.47,-190.12,-185.55,-185.39,-183.36,-182.70,-182.47,-181.35,-179.80,-188.81436363636362
232,-182.64,-173.65,-167.51,-165.63,-164.05,-160.55,-159.30,-156.52,-155.63,-151.49,-168.09636363636363
611,-167.89,-164.97,-164.24,-162.65,-157.47,-152.56,-146.15,-146.00,-145.69,-144.14,-159.66981818181816
499,-199.32,-194.52,-193.09,-190.09,-182.67,-180.64,-179.60,-178.58,-178.34,-177.21,-189.20872727272726
731,-184.17,-178.20,-174.70,-172.13,-170.44,-168.62,-165.34,-163.99,-163.91,-162.76,-173.77563636363635
554,-221.51,-192.30,-188.26,-187.77,-185.19,-178.29,-174.76,-174.69,-173.85,-173.54,-191.14927272727277
028,-237.12,-217.51,-216.66,-199.01,-197.35,-196.97,-193.17,-193.11,-191.10,-188.85,-209.94818181818184
026,-181.43,-166.28,-163.68,-160.48,-154.74,-154.48,-152.41,-150.06,-149.74,-149.36,-162.784
089,-209.31,-207.14,-206.88,-200.66,-199.55,-197.44,-194.48,-191.57,-190.07,-187.31,-202.2109090909091
692,-224.60,-218.65,-217.93,-215.20,-213.11,-211.31,-206.65,-204.54,-202.99,-198.03,-215.32963636363638
179,-267.39,-234.46,-231.89,-230.72,-217.90,-211.86,-207.75,-206.58,-205.71,-204.67,-230.68599999999995
000,-229.69,-195.56,-190.99,-186.85,-184.14,-180.66,-176.26,-172.87,-171.61,-169.64,-193.40836363636365
318,-178.00,-170.27,-165.09,-158.08,-157.83,-150.27,-149.35,-144.52,-143.37,-143.30,-161.80072727272724
176,-215.73,-214.41,-206.78,-206.42,-205.22,-205.00,-204.99,-204.43,-199.80,-199.59,-208.63509090909093
721,-208.16,-185.59,-181.43,-180.93,-180.26,-171.29,-171.00,-170.57,-169.91,-169.61,-183.8729090909091
788,-179.31,-173.05,-160.71,-156.52,-151.33,-151.01,-148.68,-148.46,-146.39,-146.34,-161.34763636363638
296,-187.99,-186.01,-185.03,-184.28,-182.71,-182.46,-180.95,-180.74,-180.60,-177.78,-184.32272727272726
770,-229.27,-216.71,-206.95,-205.23,-204.46,-204.25,-202.88,-198.16,-197.50,-196.47,-210.55963636363634
188,-178.34,-177.62,-171.76,-162.01,-161.96,-161.66,-159.76,-159.30,-155.59,-152.69,-168.2
697,-199.68,-190.54,-190.18,-189.45,-185.05,-179.17,-177.53,-176.72,-172.02,-171.86,-187.66509090909094
774,-204.09,-195.66,-188.67,-188.44,-179.24,-174.98,-170.33,-169.96,-167.34,-165.70,-186.7672727272727
249,-161.07,-149.84,-137.66,-136.37,-134.57,-131.55,-127.94,-127.90,-125.77,-125.46,-140.95927272727272
023,-199.95,-188.99,-186.32,-182.19,-181.28,-181.15,-180.47,-180.35,-176.21,-175.45,-186.3732727272727
265,-159.78,-140.22,-136.12,-135.76,-135.73,-133.72,-133.08,-132.77,-127.65,-126.97,-139.90800000000002
724,-186.30,-178.26,-175.58,-174.92,-170.16,-168.68,-168.51,-166.51,-164.91,-164.15,-175.06036363636363
713,-154.92,-148.06,-145.29,-142.84,-141.92,-141.25,-134.73,-131.28,-128.67,-127.79,-143.99272727272725
005,-181.64,-178.94,-171.81,-169.45,-169.37,-167.79,-167.60,-166.95,-166.50,-165.73,-172.9570909090909
579,-176.91,-156.37,-156.24,-154.34,-154.02,-148.20,-146.57,-144.16,-143.81,-142.50,-156.74054545454547
164,-154.78,-153.34,-144.66,-144.44,-142.35,-140.24,-139.83,-139.49,-137.54,-136.03,-146.18945454545454
782,-268.09,-204.99,-198.42,-187.35,-174.82,-173.49,-171.85,-166.20,-164.28,-162.85,-200.33454545454543
590,-240.44,-221.99,-217.36,-214.72,-213.65,-212.48,-210.82,-210.19,-207.34,-206.74,-219.70545454545456
108,-200.14,-189.37,-184.02,-180.72,-178.35,-175.34,-174.74,-167.63,-167.12,-166.88,-183.5036363636363
114,-181.16,-171.55,-170.76,-169.47,-167.87,-166.17,-164.92,-164.29,-159.31,-157.59,-170.45000000000005
536,-203.79,-201.02,-200.91,-198.25,-183.64,-183.56,-181.32,-178.71,-177.18,-176.17,-193.70345454545455
058,-173.59,-156.38,-151.57,-151.44,-145.25,-139.72,-133.94,-132.10,-131.36,-129.56,-151.09818181818184
772,-169.31,-166.23,-164.64,-160.26,-158.45,-157.71,-156.30,-156.09,-156.08,-154.50,-162.31799999999998
447,-194.35,-176.58,-169.00,-166.74,-156.34,-153.76,-144.55,-143.47,-143.26,-142.89,-167.2138181818182
105,-174.39,-168.32,-163.18,-161.68,-161.44,-160.19,-158.75,-157.87,-156.92,-155.65,-164.43036363636364
113,-169.41,-167.48,-159.11,-150.63,-147.18,-146.77,-144.98,-141.64,-141.60,-140.37,-155.8918181818182
065,-164.74,-163.40,-155.33,-154.41,-152.20,-150.36,-149.95,-149.73,-147.52,-143.85,-156.2616363636364
110,-211.14,-197.27,-188.71,-184.28,-183.41,-177.69,-176.88,-173.76,-173.58,-168.63,-189.454
117,-204.16,-180.73,-180.25,-179.87,-179.21,-178.00,-177.39,-175.41,-171.72,-168.86,-183.32018181818182
649,-207.48,-203.92,-200.44,-186.82,-184.03,-180.23,-179.14,-178.77,-178.20,-170.55,-192.8452727272727
592,-203.07,-199.20,-184.66,-183.55,-181.52,-177.49,-177.42,-177.09,-175.90,-175.59,-187.828
789,-187.67,-172.04,-165.22,-164.67,-163.66,-163.10,-161.87,-161.82,-161.57,-161.53,-169.35599999999997
093,-140.07,-126.79,-125.62,-119.79,-118.29,-115.99,-113.57,-111.70,-110.69,-110.30,-123.56454545454545
644,-182.10,-169.41,-166.87,-164.74,-164.36,-162.53,-159.14,-159.08,-158.43,-152.94,-167.56799999999998
472,-206.19,-193.82,-189.77,-189.28,-186.13,-177.38,-175.43,-175.31,-171.87,-170.58,-189.0009090909091
049,-170.09,-152.99,-149.02,-146.41,-145.26,-145.14,-144.67,-143.72,-140.94,-140.83,-151.35727272727271
301,-186.85,-186.52,-184.98,-177.36,-164.97,-160.32,-159.86,-158.79,-158.03,-152.23,-175.3465454545455
102,-220.29,-218.17,-211.93,-208.50,-208.31,-206.25,-203.72,-203.38,-198.32,-196.59,-211.286
019,-177.91,-166.10,-165.54,-164.42,-164.31,-162.91,-162.51,-161.87,-161.51,-157.07,-166.64381818181818
676,-183.61,-181.13,-168.94,-167.76,-165.42,-163.71,-160.76,-160.44,-159.71,-158.61,-171.01036363636368
674,-200.92,-200.41,-198.73,-184.24,-183.74,-182.55,-180.07,-178.63,-174.27,-172.23,-190.62800000000001
053,-202.05,-199.00,-181.66,-181.39,-178.62,-178.10,-175.78,-174.00,-172.04,-170.93,-186.12472727272728
080,-179.47,-166.63,-164.25,-163.49,-162.75,-161.88,-158.34,-154.26,-151.21,-150.99,-165.2409090909091
514,-195.65,-186.98,-182.76,-168.81,-167.17,-163.09,-161.62,-160.65,-160.36,-157.94,-176.52054545454547
147,-203.34,-181.03,-179.81,-179.71,-175.46,-175.23,-173.92,-170.28,-169.36,-167.52,-181.83254545454548
520,-155.67,-150.54,-149.47,-142.93,-136.85,-134.12,-131.87,-131.37,-129.62,-126.90,-143.76836363636363
495,-205.24,-203.66,-195.15,-194.72,-189.25,-183.16,-183.14,-180.67,-176.02,-175.75,-193.8770909090909
224,-184.05,-166.58,-164.89,-158.85,-154.31,-149.40,-148.31,-148.11,-147.93,-147.52,-162.26545454545456
233,-201.46,-199.23,-197.49,-190.56,-190.41,-189.21,-188.39,-181.97,-176.38,-176.30,-193.4281818181818
052,-167.32,-165.16,-152.77,-151.05,-150.62,-148.68,-147.00,-144.26,-142.33,-141.84,-155.15545454545457
450,-221.12,-214.79,-211.19,-207.69,-204.48,-204.04,-202.77,-196.58,-195.41,-195.33,-209.48563636363636
393,-183.28,-178.56,-175.94,-168.98,-167.34,-166.64,-166.59,-165.06,-164.93,-162.91,-173.1230909090909
628,-191.22,-184.70,-176.58,-175.19,-174.09,-172.98,-172.34,-172.17,-168.11,-166.46,-178.75381818181816
717,-175.42,-162.37,-145.84,-145.49,-142.86,-142.77,-139.41,-139.33,-138.97,-134.38,-151.99345454545454
381,-133.07,-127.51,-120.84,-120.45,-115.91,-112.50,-111.43,-110.67,-108.74,-108.48,-120.90563636363636
327,-220.66,-205.16,-196.99,-190.54,-188.54,-188.00,-187.71,-184.31,-177.75,-169.91,-197.512
135,-154.48,-152.61,-149.68,-147.34,-138.41,-137.12,-136.60,-133.94,-133.81,-129.34,-145.60636363636362
453,-217.65,-175.74,-173.22,-165.33,-158.46,-154.91,-151.57,-147.53,-146.62,-145.59,-172.98618181818185
379,-191.69,-183.04,-172.55,-169.52,-168.74,-163.08,-162.50,-161.60,-161.50,-159.74,-174.12145454545453
264,-201.75,-201.09,-185.61,-184.39,-181.67,-177.76,-175.78,-175.40,-173.47,-172.29,-187.82345454545458
690,-210.99,-207.59,-206.76,-206.48,-204.67,-202.55,-201.11,-199.00,-196.89,-196.19,-205.63327272727275
014,-193.89,-190.94,-187.41,-187.30,-185.53,-183.91,-183.17,-180.42,-179.99,-179.22,-187.52018181818178
502,-198.60,-191.67,-187.63,-182.03,-179.14,-174.47,-170.49,-169.96,-169.75,-168.20,-184.23654545454545
437,-234.69,-219.09,-215.55,-209.18,-206.65,-202.49,-201.58,-200.65,-199.01,-198.46,-213.89945454545457
762,-178.81,-171.26,-166.53,-153.75,-151.48,-151.06,-150.91,-148.56,-147.37,-143.73,-161.63454545454545
791,-165.09,-163.81,-147.44,-147.33,-146.83,-138.48,-137.00,-135.07,-134.44,-132.49,-150.25418181818182
040,-237.67,-207.26,-197.57,-192.76,-188.64,-185.10,-179.97,-177.16,-172.86,-172.70,-199.98254545454543
292,-219.13,-209.52,-208.30,-200.52,-195.59,-191.84,-190.17,-189.36,-184.11,-179.46,-202.84
041,-208.75,-194.89,-182.35,-181.64,-176.61,-176.59,-175.37,-172.95,-169.72,-166.41,-186.19236363636364
548,-252.95,-245.82,-241.77,-228.76,-226.53,-222.69,-204.76,-203.67,-201.56,-195.42,-232.33781818181825
560,-211.94,-209.21,-208.24,-206.63,-205.46,-205.42,-180.75,-176.88,-175.37,-172.49,-202.75181818181815
221,-225.71,-214.76,-208.89,-204.00,-196.87,-186.23,-182.03,-179.23,-176.86,-175.20,-203.56654545454546
107,-181.28,-173.90,-163.40,-162.34,-162.02,-154.89,-152.18,-152.10,-149.97,-149.51,-165.13672727272728
401,-222.62,-211.53,-206.27,-204.15,-198.25,-194.90,-193.40,-190.84,-190.54,-189.83,-205.27654545454547
275,-187.36,-178.77,-169.78,-160.65,-159.25,-156.04,-152.63,-149.75,-146.30,-146.12,-167.2638181818182
347,-191.85,-181.05,-180.59,-179.99,-176.26,-174.11,-171.36,-170.19,-164.29,-163.62,-179.4349090909091
501,-208.74,-200.51,-200.04,-198.64,-196.14,-193.57,-188.12,-187.47,-186.28,-182.14,-198.12854545454542
467,-192.82,-190.50,-180.63,-178.21,-176.90,-173.43,-171.49,-170.90,-170.21,-166.10,-181.2534545454546
033,-199.32,-187.49,-185.40,-184.17,-183.28,-182.62,-178.08,-173.84,-171.57,-171.38,-185.71163636363633
337,-196.49,-189.59,-181.37,-179.53,-176.30,-173.81,-173.33,-172.74,-171.46,-171.15,-182.38799999999998
212,-209.97,-197.99,-194.38,-193.41,-191.16,-190.17,-186.33,-185.73,-185.72,-184.03,-195.38745454545457
442,-190.84,-189.80,-188.59,-186.28,-183.50,-177.56,-177.22,-177.18,-174.50,-173.39,-185.10709090909089
660,-209.90,-205.98,-196.67,-181.56,-175.47,-169.34,-168.63,-168.47,-167.22,-167.09,-188.69236363636364
056,-148.12,-148.07,-147.81,-145.90,-145.56,-144.69,-144.39,-143.86,-142.16,-140.31,-146.33072727272727
334,-136.68,-128.04,-126.13,-124.69,-124.53,-122.96,-120.97,-118.20,-117.36,-116.69,-126.41636363636364
015,-196.88,-193.22,-186.55,-174.63,-173.08,-170.23,-168.36,-167.77,-162.05,-161.19,-181.35018181818182
354,-228.58,-224.22,-219.77,-206.16,-198.73,-197.93,-188.67,-188.48,-187.90,-186.17,-210.34872727272727
396,-175.46,-172.69,-169.63,-168.17,-166.20,-165.79,-165.41,-164.85,-162.71,-162.54,-169.33345454545454
295,-244.63,-233.91,-229.62,-222.76,-222.01,-219.33,-218.69,-217.73,-216.30,-213.86,-228.19800000000004
666,-198.13,-196.89,-189.44,-188.31,-184.43,-180.58,-175.96,-172.73,-169.03,-166.43,-187.6909090909091
420,-162.23,-152.57,-149.92,-146.70,-139.49,-137.92,-135.38,-133.13,-133.09,-133.06,-147.06145454545455
183,-151.95,-142.06,-138.39,-135.95,-135.78,-132.69,-129.19,-120.11,-117.93,-117.31,-137.5490909090909
230,-194.83,-160.66,-160.52,-160.52,-160.32,-148.21,-147.67,-145.41,-145.28,-145.18,-163.04836363636366
745,-174.57,-145.50,-145.48,-141.14,-141.12,-139.63,-139.59,-134.99,-129.65,-129.32,-147.34254545454544
311,-217.74,-202.79,-195.65,-189.86,-189.32,-187.13,-186.62,-186.59,-186.37,-185.29,-196.956
440,-187.99,-177.54,-173.65,-172.85,-166.91,-165.25,-163.42,-160.34,-158.94,-158.11,-173.00563636363634
144,-199.31,-193.01,-184.65,-179.66,-169.11,-166.84,-164.67,-159.83,-159.81,-159.72,-180.57054545454545
524,-152.06,-148.28,-144.73,-142.03,-134.15,-133.85,-132.52,-131.67,-131.47,-130.68,-141.81872727272727
522,-189.75,-189.30,-180.63,-178.85,-178.78,-178.06,-173.87,-173.25,-171.13,-166.46,-181.54763636363634
552,-250.78,-243.09,-234.67,-226.51,-225.39,-223.95,-214.99,-212.83,-202.34,-201.42,-231.5487272727273
767,-213.03,-195.30,-190.46,-185.08,-184.45,-183.59,-182.55,-182.00,-180.67,-179.81,-191.80436363636366
705,-211.07,-185.02,-179.72,-179.51,-176.18,-175.97,-173.01,-166.22,-165.44,-163.72,-183.49890909090908
151,-192.49,-188.92,-185.38,-183.20,-183.13,-181.10,-177.96,-176.69,-176.52,-175.74,-184.8289090909091
073,-225.74,-214.69,-213.52,-202.41,-198.54,-195.80,-195.69,-194.15,-193.12,-189.79,-207.74763636363642
546,-261.15,-204.87,-194.00,-189.04,-186.41,-185.71,-184.62,-170.21,-168.97,-168.41,-202.41963636363633
200,-225.01,-222.22,-220.11,-213.33,-205.52,-199.65,-197.18,-193.62,-189.81,-188.32,-212.23927272727275
656,-183.45,-178.61,-172.54,-171.69,-171.31,-169.78,-169.52,-168.37,-166.69,-162.52,-174.18163636363636
490,-228.72,-221.59,-208.45,-206.05,-205.15,-197.06,-192.04,-181.16,-180.72,-178.46,-208.34909090909088
399,-202.48,-200.20,-175.63,-171.24,-171.18,-170.34,-160.97,-160.78,-157.88,-156.84,-180.144
568,-172.48,-171.01,-159.39,-151.87,-150.36,-150.26,-147.71,-147.14,-144.02,-143.16,-158.52763636363636
651,-202.93,-201.35,-179.42,-175.37,-173.12,-173.02,-172.43,-167.24,-166.23,-166.22,-183.60618181818177
240,-144.59,-141.84,-141.80,-141.36,-140.65,-140.23,-140.14,-139.49,-134.33,-132.19,-141.29654545454545
079,-135.18,-120.45,-119.93,-115.05,-114.35,-112.02,-111.00,-110.88,-110.53,-110.48,-119.18218181818183
116,-194.10,-184.42,-183.56,-179.57,-179.33,-177.50,-177.33,-174.15,-173.40,-173.37,-182.5758181818182
509,-230.30,-202.13,-200.15,-199.69,-197.10,-194.24,-194.05,-193.03,-191.08,-190.30,-203.68636363636364
153,-206.17,-187.18,-183.46,-177.56,-175.39,-172.90,-170.18,-167.92,-167.09,-165.43,-182.87
322,-143.26,-141.83,-141.38,-135.03,-132.94,-132.26,-130.55,-130.03,-129.95,-126.96,-137.15290909090908
134,-129.46,-121.20,-120.68,-119.43,-117.65,-116.03,-115.89,-115.15,-114.69,-114.65,-120.47163636363635
242,-143.15,-125.75,-122.87,-121.80,-120.49,-118.52,-116.07,-114.99,-114.62,-114.60,-124.86254545454547
763,-244.85,-240.69,-229.48,-220.26,-219.96,-212.74,-204.89,-204.42,-202.95,-202.03,-225.756
037,-193.23,-185.97,-181.55,-180.75,-174.02,-172.25,-169.93,-169.63,-169.41,-168.27,-180.44999999999996
035,-203.17,-201.98,-201.69,-195.08,-191.60,-183.25,-177.02,-176.86,-176.63,-175.87,-193.8589090909091
225,-177.37,-166.17,-166.02,-163.71,-163.39,-161.92,-161.11,-159.02,-158.38,-158.31,-165.9976363636364
730,-172.37,-171.81,-168.93,-163.81,-161.33,-160.72,-160.66,-160.40,-159.18,-158.39,-166.18672727272727
300,-248.80,-244.18,-233.88,-233.58,-224.93,-221.84,-221.74,-220.26,-216.53,-212.30,-233.51999999999998
650,-163.98,-158.82,-156.54,-154.53,-151.98,-147.89,-145.08,-143.79,-139.62,-139.51,-154.27236363636362
272,-176.15,-167.13,-146.84,-146.70,-146.60,-143.20,-137.43,-134.00,-131.97,-131.39,-152.908
316,-183.06,-169.48,-164.65,-160.90,-156.18,-145.10,-144.90,-142.37,-136.45,-134.58,-161.38527272727273
294,-148.37,-141.19,-140.29,-136.62,-130.38,-129.02,-128.57,-127.21,-127.07,-125.21,-137.0129090909091
600,-178.26,-176.49,-159.07,-158.94,-156.74,-156.59,-156.55,-155.96,-155.63,-154.53,-164.3529090909091
010,-192.48,-192.14,-187.86,-187.51,-185.54,-185.48,-184.21,-183.82,-183.52,-181.33,-188.12400000000002
042,-171.01,-160.48,-159.27,-157.93,-156.91,-155.86,-155.32,-154.06,-150.84,-150.54,-159.8278181818182
287,-176.48,-167.48,-157.39,-156.69,-155.41,-154.15,-152.04,-151.79,-151.72,-151.20,-160.89909090909092
094,-170.73,-170.18,-166.74,-164.51,-161.92,-158.27,-156.36,-155.94,-154.04,-152.60,-164.3858181818182
320,-192.62,-189.97,-187.32,-185.58,-183.23,-179.80,-179.79,-179.59,-179.29,-175.08,-185.88218181818183
045,-158.30,-157.70,-157.45,-151.14,-149.77,-149.23,-149.18,-149.05,-148.57,-147.54,-153.69454545454545
274,-182.73,-176.06,-164.37,-160.26,-152.30,-151.29,-149.38,-149.09,-147.95,-147.23,-163.75981818181816
021,-258.19,-238.40,-235.42,-229.65,-227.17,-224.34,-220.17,-219.67,-219.26,-218.02,-234.53381818181822
531,-211.12,-203.75,-202.42,-201.54,-200.67,-195.28,-193.34,-190.60,-185.95,-185.54,-201.05654545454544
312,-139.75,-133.97,-133.10,-130.38,-129.09,-128.75,-128.38,-126.05,-124.74,-124.30,-132.08054545454544
359,-137.43,-135.38,-132.29,-126.94,-126.84,-123.39,-120.97,-120.95,-120.77,-119.82,-129.55818181818182
739,-232.51,-230.62,-228.51,-217.38,-214.71,-213.72,-210.58,-210.40,-210.11,-209.83,-222.01545454545456
719,-211.35,-192.32,-187.15,-186.51,-183.39,-182.22,-178.04,-170.68,-169.39,-167.94,-188.90018181818186
602,-222.26,-208.17,-207.10,-206.14,-196.71,-193.99,-193.97,-191.19,-190.99,-188.66,-204.8401818181818
732,-182.64,-182.40,-178.92,-177.11,-172.46,-172.15,-170.97,-169.13,-169.02,-166.22,-176.91218181818178
142,-206.39,-198.88,-182.65,-182.17,-179.80,-178.82,-176.91,-173.32,-170.55,-170.33,-187.31163636363635
048,-136.70,-134.06,-133.05,-131.96,-130.11,-129.42,-129.36,-125.85,-122.66,-122.47,-131.85818181818183
203,-223.07,-211.42,-209.23,-207.72,-207.15,-202.34,-201.50,-200.96,-192.84,-192.47,-209.14527272727273
338,-165.60,-152.68,-148.49,-145.11,-144.77,-144.16,-143.85,-141.46,-137.39,-135.87,-149.7029090909091
139,-214.34,-210.29,-200.77,-198.41,-194.13,-189.28,-180.30,-176.27,-174.83,-173.75,-198.4661818181818
325,-218.65,-210.88,-210.37,-195.82,-191.48,-189.19,-186.85,-184.64,-183.77,-182.20,-201.5274545454546
672,-187.40,-180.39,-173.07,-170.63,-169.77,-169.67,-169.64,-168.61,-166.31,-162.34,-174.95999999999998
516,-222.10,-206.07,-190.44,-188.32,-186.35,-179.47,-179.40,-178.81,-178.47,-177.90,-194.94018181818183
124,-215.66,-212.30,-209.50,-194.28,-191.81,-187.85,-187.08,-185.38,-183.36,-181.51,-200.83745454545453
601,-221.66,-197.66,-186.05,-184.37,-183.65,-181.17,-179.29,-176.97,-176.41,-175.89,-191.9829090909091
191,-264.25,-226.78,-211.42,-190.17,-190.08,-189.24,-186.39,-181.85,-177.97,-175.47,-211.18672727272724
610,-199.23,-169.63,-167.25,-166.03,-164.13,-163.83,-161.80,-160.59,-159.75,-159.10,-171.46690909090913
189,-187.93,-181.80,-179.66,-174.87,-174.35,-172.47,-169.57,-169.15,-169.02,-168.02,-177.76563636363642
461,-180.32,-179.17,-167.30,-165.00,-154.40,-153.24,-150.04,-149.19,-148.23,-144.27,-165.27618181818178
740,-180.52,-177.24,-168.90,-168.05,-167.40,-166.80,-164.29,-161.46,-160.56,-158.65,-170.68400000000003
746,-177.40,-173.77,-162.78,-162.41,-160.25,-159.25,-158.03,-157.82,-155.58,-154.50,-165.5641818181818
081,-176.71,-173.31,-171.56,-171.54,-167.28,-163.51,-163.42,-163.17,-162.73,-159.53,-169.99200000000002
482,-222.84,-220.08,-202.58,-198.61,-189.74,-188.45,-186.17,-185.81,-182.19,-181.55,-202.70472727272727
573,-234.24,-211.23,-208.42,-203.86,-201.84,-201.02,-199.82,-198.46,-198.27,-195.56,-209.8318181818182
260,-164.43,-159.89,-155.79,-155.18,-149.17,-147.38,-146.77,-143.47,-143.41,-141.25,-154.42490909090907
648,-198.48,-178.31,-176.48,-166.45,-164.04,-159.01,-157.51,-153.96,-149.83,-148.67,-172.47490909090908
115,-190.52,-189.22,-189.10,-186.29,-183.37,-180.41,-177.86,-176.24,-174.99,-172.83,-185.27727272727273
255,-146.71,-145.25,-144.96,-143.25,-141.17,-141.16,-140.17,-139.68,-137.69,-135.13,-143.2696363636364
542,-163.78,-161.97,-158.44,-157.01,-154.65,-153.27,-151.54,-147.73,-147.37,-145.94,-157.2072727272727
210,-153.10,-147.40,-143.31,-142.57,-140.88,-136.67,-136.65,-135.60,-134.92,-133.95,-143.41618181818185
777,-206.40,-205.55,-205.24,-204.86,-203.75,-203.63,-203.62,-200.72,-199.83,-199.26,-204.47454545454542
504,-197.51,-184.02,-183.98,-182.96,-181.48,-176.10,-174.49,-173.66,-173.17,-171.94,-183.46254545454548
017,-204.39,-198.30,-197.02,-196.86,-193.99,-193.89,-191.34,-191.30,-188.43,-187.97,-196.73200000000003
250,-135.19,-131.71,-131.62,-128.13,-126.39,-121.74,-119.15,-115.19,-114.33,-110.57,-127.55636363636363
165,-236.86,-234.32,-232.72,-228.69,-213.24,-207.89,-202.94,-202.40,-193.74,-193.38,-222.88690909090906
786,-149.08,-141.29,-133.24,-131.55,-122.90,-122.45,-122.28,-120.80,-120.67,-120.34,-132.946
273,-171.04,-167.66,-161.40,-161.01,-159.98,-159.20,-152.81,-152.50,-149.68,-148.66,-162.00454545454545
156,-169.31,-156.04,-155.66,-155.35,-154.93,-154.76,-149.82,-149.74,-148.58,-146.57,-156.83272727272725
350,-179.67,-171.80,-169.23,-161.63,-158.61,-150.06,-149.94,-147.89,-147.14,-146.30,-163.8930909090909
544,-256.90,-251.58,-238.93,-229.38,-219.63,-215.20,-211.89,-211.09,-210.69,-207.58,-233.7070909090909
424,-165.66,-164.36,-144.21,-135.50,-131.69,-129.87,-128.05,-126.92,-126.14,-125.96,-144.52200000000002
197,-158.62,-156.46,-153.57,-150.24,-146.97,-144.49,-141.67,-138.89,-136.30,-133.58,-150.33418181818183
161,-217.25,-214.15,-209.86,-189.71,-186.51,-180.86,-176.26,-174.20,-173.40,-172.33,-197.76054545454542
641,-190.17,-164.95,-163.30,-151.03,-150.67,-146.83,-144.74,-142.81,-142.14,-141.41,-160.38381818181816
533,-266.81,-239.19,-213.13,-212.41,-210.98,-208.40,-203.45,-198.63,-198.30,-198.20,-224.09254545454542
505,-216.61,-204.35,-196.52,-196.19,-196.17,-190.36,-189.41,-188.37,-184.28,-183.39,-199.1683636363636
231,-178.30,-177.40,-175.94,-174.71,-166.57,-166.34,-164.47,-163.29,-159.79,-159.62,-172.14836363636365
238,-217.27,-203.18,-170.77,-168.28,-165.13,-164.51,-163.81,-161.39,-159.81,-158.49,-181.38709090909092
085,-163.77,-146.56,-141.69,-141.59,-140.96,-135.11,-135.08,-130.45,-127.74,-125.67,-143.91854545454544
077,-182.19,-178.79,-155.26,-133.67,-131.28,-128.64,-125.14,-123.94,-120.56,-120.30,-150.42654545454545
603,-185.26,-175.25,-174.49,-166.41,-159.41,-158.98,-157.90,-155.65,-151.49,-150.55,-168.98327272727272
228,-149.99,-134.65,-131.44,-127.46,-127.19,-124.15,-121.32,-121.19,-120.86,-118.97,-131.79854545454546
252,-236.24,-212.92,-187.46,-186.73,-186.65,-185.54,-184.62,-179.83,-179.73,-178.53,-199.07327272727275
659,-193.09,-172.46,-169.80,-169.72,-165.89,-164.70,-163.45,-160.51,-159.75,-156.82,-171.99945454545457
704,-232.56,-231.34,-217.25,-217.04,-214.36,-212.84,-206.04,-205.70,-202.31,-201.11,-219.31436363636368
380,-172.98,-169.28,-160.90,-154.91,-153.98,-149.89,-146.46,-145.36,-143.23,-142.25,-159.06999999999996
284,-167.74,-166.27,-158.27,-153.36,-151.93,-151.46,-148.32,-146.87,-145.17,-139.66,-157.20509090909093
426,-146.99,-145.10,-143.10,-139.93,-139.32,-138.45,-135.15,-131.84,-129.40,-127.46,-140.92109090909094
340,-190.45,-177.44,-173.88,-172.84,-170.92,-168.65,-167.20,-167.03,-166.35,-166.01,-175.26818181818183
276,-182.49,-176.88,-172.55,-165.01,-162.29,-161.90,-161.55,-157.77,-154.60,-153.47,-169.41290909090907
607,-202.52,-199.39,-197.00,-188.65,-188.09,-185.93,-185.65,-182.41,-178.14,-176.35,-192.67109090909094
538,-203.67,-202.46,-184.26,-180.61,-173.05,-170.83,-170.66,-168.45,-165.04,-164.74,-184.95363636363638
489,-190.61,-184.41,-181.86,-175.42,-175.11,-173.16,-171.07,-169.61,-168.03,-167.86,-179.3109090909091
523,-149.98,-148.90,-144.59,-143.35,-143.07,-138.74,-135.51,-134.89,-134.61,-132.60,-143.64945454545455
446,-224.29,-197.06,-191.08,-188.70,-188.69,-186.99,-185.88,-184.12,-184.07,-183.98,-196.01945454545455
458,-191.84,-181.31,-173.12,-163.27,-159.70,-159.46,-159.46,-158.22,-157.35,-156.74,-171.2269090909091
647,-155.96,-155.23,-154.68,-149.68,-147.97,-147.48,-147.02,-144.83,-143.68,-140.61,-151.22963636363636
182,-172.59,-166.16,-148.97,-145.87,-143.89,-142.61,-142.15,-141.91,-141.13,-139.16,-153.20600000000005
671,-189.20,-179.17,-170.92,-170.91,-169.23,-162.51,-160.14,-159.08,-157.06,-153.95,-172.40109090909093
227,-129.68,-123.35,-119.90,-118.33,-118.26,-118.23,-116.90,-115.85,-114.91,-114.16,-120.98727272727271
002,-186.50,-183.66,-179.97,-173.97,-165.15,-163.55,-162.76,-159.85,-157.17,-157.14,-174.29472727272724
540,-179.86,-178.25,-172.26,-168.95,-165.87,-165.52,-165.08,-164.84,-163.09,-162.96,-171.46145454545456
121,-165.61,-155.79,-152.55,-147.25,-145.93,-144.74,-144.65,-137.15,-135.95,-134.96,-151.01
118,-192.94,-176.96,-163.72,-163.58,-159.89,-156.05,-155.64,-155.23,-154.36,-153.53,-168.49
